with it,458
code,341
0,420
illustr,232
the most,454
lack,254
dollar,80
it realli,210
hate,175
xandro,386
to have,369
is no,75
game i,459
song,460
for exampl,321
the screen,146
mous,284
worst,5
veri,357
cool,364
tri,6
school,448
administr,421
did,53
havent,283
enjoy,298
direct,167
work on,154
street,268
to fix,98
download,85
thing i,243
quicken,26
program to,332
think it,263
i like,350
version,68
but i,247
i know,135
told,49
never,45
drew,436
studio,137
i bought,69
sinc,166
box,88
great,282
technolog,452
purchas this,148
pick,176
just to,159
amount of,361
love,395
put,252
unit,463
the other,278
instal it,92
it for,253
live,355
camera,200
call,16
recommend,318
an excel,352
symantec,9
but it,238
clue,142
phone,14
visual,104
train,302
but if,362
if it,147
compani,43
will not,23
account,18
word,303
turbotax,198
learn,313
claim,24
challeng,435
this product,21
high,424
a good,316
cours,398
from a,242
rather,157
anoth,127
this game,404
disappoint,112
you go,100
to the,162
updat,267
map,195
recogn,264
have to,151
a year,244
voic,218
mac,150
the best,414
you can,405
that the,114
nanci,411
favorit,422
sinc i,190
caus,56
inform,246
i went,51
my own,360
perform the,379
refund,25
photoshop,333
if i,209
come with,433
isnt,133
through,153
are not,239
left,103
easi to,387
still,346
perfect,447
video,451
doesnt work,32
monitor,432
fix,41
so i,274
you cant,177
better,248
most of,204
mail,356
might,215
good,258
return,40
overal,335
the step,377
wont,192
mcafe,19
to see,307
anyth,60
how to,128
year old,429
mysteri,415
a lot,314
each,401
get to,141
went,59
of this,81
replac,310
realli,276
so much,453
pinnacl,228
happen,273
have a,292
this for,174
publish,426
7,434
internet,371
i tri,54
she,323
give it,262
navig,261
look like,126
given,125
dictionari,407
ask,64
teach,425
card,280
puzzl,399
server 7,382
keep,419
we have,342
this year,235
but not,211
the worst,8
confus,178
softwar,35
major,136
dont,37
grade,201
when you,118
wast,3
alreadi,311
least,83
im not,245
3 0,229
have been,149
happi,440
miss,109
size,430
guess,160
seem to,249
sometim,111
messag,50
taxcut,197
norton,65
to play,324
version of,115
store,367
gps,196
to learn,365
where you,203
at a,328
copi,183
tri to,12
technic,48
reinstal,74
kind,265
remov,259
year ago,152
which is,372
as the,354
friend,449
high recommend,406
the instal,338
on your,465
seri,403
do not,2
for the,221
say,94
the same,66
need,442
seem,275
i think,329
built,353
on it,119
rout,213
walk,233
useless,76
dont know,170
noth,36
play,345
unless,191
though,182
track,208
want to,188
look at,222
compress,393
whi,90
letter,101
me to,96
roxio,260
amaz,450
i love,441
sql server,375
drive,231
program for,269
tech,4
wast of,29
has a,340
someth,110
fine,279
onli,134
slow,38
nanci drew,437
menu,120
configur,413
enough,336
who is,277
so far,288
piec of,22
featur of,431
it i,71
to figur,206
that they,97
go to,168
cannot,61
report,187
the problem,46
him,234
step to,388
at least,67
ever,99
tech support,7
bad,271
my comput,78
partit,389
where,217
set,295
fair,363
knowledg,428
recommend this,409
much more,121
best,455
said,39
veri easi,423
databas,384
review,58
to creat,408
label,445
figur,220
allow you,461
import,207
bought,27
so you,138
screen,139
not work,42
key,194
and have,325
come,457
addit,286
howev,281
etc,184
there is,256
load,31
the onli,145
color,312
get the,129
microsoft sql,391
cd,309
mistak,73
speak,287
you have,107
compon,402
the word,171
interest,300
a littl,315
my son,358
doe not,34
for you,219
understand,143
child,347
happi with,438
garmin,155
i will,77
present,306
sound,250
replic,390
step for,392
identifi the,378
servic,82
would not,47
you are,181
not the,158
error,17
fun,257
ive,180
purchas,185
almost,189
player,161
cant,241
anim,456
im,163
crash,13
develop,113
open,370
perform,380
same,52
trip,462
intuit,91
difficult,173
week,117
but the,227
buy this,33
piec,63
topo,140
student,400
build,236
kid,285
off,95
choos,444
well,293
spent,122
person,330
exampl,348
work great,304
english,359
five,396
spend,193
was not,172
identifi,376
less,272
money,1
what a,87
is the,446
skill,443
languag,439
a great,289
easi,383
kind of,251
read the,214
littl,296
work with,144
match,394
gave,72
applic,418
mayb,223
your money,20
is a,331
well as,294
game,351
that i,124
in the,131
and they,89
lost,156
server,374
collect,319
necessari,417
time to,317
i had,165
right,339
you dont,255
it doesnt,240
the user,322
definit,464
7 0,385
refer,299
machin,343
object,427
run,86
hard to,368
step,381
although,237
there are,349
ok,212
on this,169
i purchas,337
backup,412
road,205
a better,179
son,344
you just,410
doesnt,79
the comput,186
area,297
love it,320
transfer,28
custom,11
lot,290
problem with,326
the compani,84
forc,70
a bit,266
link,132
uninstal,0
bug,30
do a,123
limit,226
otherwis,334
problem,15
gone,93
lot of,301
creat,416
i dont,116
certain,230
the imag,291
game is,327
ship,102
check,164
probabl,216
vista,55
titl,108
becaus of,106
detail,224
book,305
role,397
poor,10
figur out,199
star,225
sql,373
longer,44
it doe,366
invest,57
age,308
the mac,270
2002,105
2003,130
2006,62
the map,202
