could not,799
psp,4364
a sound,4083
the most,3566
retain,3975
appli to,2824
four,2885
also allow,3850
buy from,4318
sleep,4009
page to,1795
keep in,4075
the bad,2130
hate,1422
xandro,3487
show the,1944
for other,1607
in xp,1813
sorri,803
or just,4098
final cut,1574
digit imag,4315
all the,2638
it just,940
saver,3724
a shame,1210
was to,307
program would,1757
to back,1587
risk,1100
me and,661
i wish,964
time a,814
i uninstal,194
dell,454
a day,2582
refund and,181
think they,1493
start menu,1504
from quicken,1149
for free,4018
appar,100
and softwar,3987
along the,3194
look for,1687
my palm,1018
kasperski,1245
school,3542
need a,2451
a game,3681
day it,631
to sell,892
whi the,2431
releas of,2773
had some,3266
of norton,713
real time,3765
intuit and,1187
fast and,3692
start up,651
yet but,2999
enjoy,2861
drew game,3862
littl bit,2961
abil,1972
is one,4169
they told,619
direct,1278
phonet,678
they said,275
hors,4022
street,1069
summer,4350
laptop and,1316
couldnt get,1769
the nanci,2755
this item,2264
the least,2532
monster,4297
even,39
hide,1998
great product,3912
you will,3771
asid,4156
yes i,1109
edit softwar,1140
includ the,1748
they had,726
give it,3106
not been,457
mac os,1155
weather,3738
techniqu,4027
net,2272
2005 and,999
not much,2016
note in,3097
told,37
to burn,328
widget,3621
i now,709
the color,3133
them up,2410
never,28
drew,3508
studio,1368
undo,1821
am an,1822
in mani,1180
to zoom,1211
anywher in,930
and in,3745
screen of,2210
excit when,1796
daughter,2768
the file,1553
forum,367
veri frustrat,1384
anymor,1203
track in,916
everyon,4059
precis,4341
credit,652
version 10,1405
would say,2984
work well,1271
is get,1578
a rout,1770
your child,1676
then when,188
not make,893
dictionari,3530
you look,1308
ground,4332
im veri,2814
quit a,2918
comput game,3546
bell and,1482
valu of,3947
unix,4260
match each,3549
the street,1317
have play,3974
now im,599
will help,3374
total,208
just click,4278
unit,4045
an internet,4357
bookkeep,1385
plot,2138
click on,1546
decid to,1420
are amaz,3734
up with,1985
insult,679
have for,2611
call,18
should get,4284
paperport,463
recommend,3489
4 month,534
preview,1072
tell,664
doe have,1939
alphabet,1467
that even,1144
not allow,250
offic home,3021
chang it,3157
relat,2495
the proper,3801
navig and,2295
i click,894
the compon,3548
warn,518
phone,48
around a,1377
friend and,3790
lotus,2677
fine i,2155
95,611
will not,52
charact are,4065
word,2088
room,2942
use on,3132
restor,204
which mean,1961
that ive,2457
roof,1797
capabl of,1357
thank you,3981
or a,4244
wors,79
introduc,3752
ms,2843
it wont,1264
the seri,2962
play on,3386
slow to,1088
or dvd,3843
my problem,264
indic,1536
at that,1576
review is,3056
titanium,4062
reli on,1427
woman,2782
the pc,2443
i hope,2337
drive,3358
of busi,508
the complet,2033
includ in,2392
refus to,486
end,1746
is well,3311
easili,4171
8 1,902
still get,1987
length,2958
not user,472
suit is,2320
mp3s,1798
back and,888
15 minut,296
better then,1002
disappoint,409
you go,1012
sure if,2820
updat,78
is work,4252
rebat,574
had ani,2744
buy a,1699
featur that,2111
mess,404
spend more,2216
have to,1273
fine but,281
lab,3568
voic,1977
befor,4231
wrong,314
new interfac,2774
a digit,3149
differ from,4157
law,2835
you can,3254
lesbian,1006
demonstr,4079
three day,540
her to,1326
not play,1575
attempt,240
third,4107
tutori,3934
greet,3896
think,3448
exampl if,1768
rosetta stone,123
enter,389
the featur,2663
mechan,499
work around,2756
sibelius,288
use the,3335
book and,3461
all and,1351
this type,3408
lock up,887
becaus,1201
x64,3483
it would,213
veri,3720
are not,1892
it still,1619
system for,3399
easi to,2766
flexibl,3390
vari,4247
factor,4119
veri hard,1358
fix,73
better,1193
are no,863
will onli,876
somewhat,2192
fade,1734
most of,1952
hidden,2362
easier,3182
mani peopl,810
had problem,563
anim,2666
of product,2165
old daughter,4150
each lesson,2873
save it,1902
year after,2196
some time,2481
scene,2145
break,3012
i return,189
bang,4279
promis,490
but there,1973
get me,2075
issu with,3071
bank,1027
card and,2543
for instanc,1639
grammar,874
7 year,4003
where the,1372
it better,2014
return this,1327
everyth you,2321
of offic,2922
a lot,2489
hope to,496
that should,2520
conflict,258
arrow,1037
not a,2649
went,89
can tell,2403
side,1156
from their,1580
luck,387
or to,2225
they work,3392
of fun,3787
in short,791
diana,3628
resum,4137
is easier,2531
while it,3203
that doesnt,1728
the network,529
3 0,2452
product doe,2603
taught,1606
even better,4298
look and,2558
for almost,1466
veri disappoint,93
produc a,1265
veri pleas,3741
avail in,4166
merg,2282
i spent,226
own and,1771
have a,2702
qualiti of,2175
god,2600
everi time,656
it after,757
to produc,1300
content,1866
my backup,3038
laid,3852
adjust,4040
but has,2508
got,2642
sluggish,2624
just tri,922
when he,3995
run xp,3046
navig,1917
worthwhil,1231
the abil,2052
nightmar,580
box i,550
situat,844
standard,2354
map that,1920
contact the,2625
screenblast,1919
out that,521
been abl,2381
no more,1703
uninstal and,215
get all,380
i thought,1208
puzzl,3502
bug and,669
to find,1532
filter,3697
flawless,3858
renew,1008
unabl,424
this year,2049
turn out,2494
the bibl,3616
ad a,3323
to ani,4035
confus,1161
one this,1318
rang,2837
great deal,2209
backup,3721
the night,3039
are there,4355
grade,2051
i couldnt,1613
add on,4162
paid for,554
wast,0
the small,2207
instruct,787
alreadi,2569
i download,256
save me,3920
im not,2334
see that,2549
be the,3176
comic,3668
veri satisfi,2826
fantast,4044
appl,4048
section of,2404
toy,3594
the tax,541
lego,1869
beauti,3786
i say,811
to crash,817
sometim,1138
downsid,2808
the game,2567
imposs to,358
master,2338
too,3301
it might,982
map of,1019
trend,797
worri about,3753
the media,3030
version of,1106
work the,983
re instal,2240
you know,3607
from ani,3415
me is,1131
it what,2414
tool,3751
mani,4054
a pain,1646
my wireless,1773
to close,1386
window 98,721
hadnt,1223
live in,2464
for one,2265
window 95,971
the left,2312
technic,49
0 delux,3733
it we,4356
movi and,3227
target,2458
part is,2322
whatev you,1780
provid,4047
softwar has,839
rate,1616
which is,2085
if anyon,2197
matter,3432
and realli,1494
program that,2670
k,2856
minut,241
beginn,3239
well for,2026
mini,2626
fashion,2248
you get,2925
of each,4024
the year,476
find an,1181
the internet,3837
mind,3234
creat and,4084
raw,2697
about 10,3153
manner,761
they dont,1447
that are,2907
seen,3181
seem,1367
incompat,640
solv the,1695
i must,3250
of money,67
terrif,3315
no longer,245
new product,491
in both,4359
that could,1288
gripe,2911
tutor,3593
thorough,4167
talk to,615
run i,992
overal i,2703
ribbon,2707
made to,3274
puzzl are,3758
when the,1513
run a,3984
problem is,1017
line and,1409
you onli,2012
it did,1848
so what,1224
work great,2758
plenti,985
though,2472
good for,1906
home and,3435
object,1255
a pc,1970
would definit,4080
crash and,414
regular,2193
addict,3644
letter,1095
to correct,3393
hour to,725
the suit,2874
for me,3346
glad i,3349
doc,1581
alarm,3540
camp,3665
flow,2718
dog,3803
to charg,291
to pay,260
had to,736
veri poor,220
alreadi have,2370
tech,15
daughter is,1823
dos,2830
to return,161
freewar,1923
has a,2845
i guess,3247
for my,2862
had read,549
my money,76
could use,2242
the hardwar,4293
this one,3941
marvel,3086
learner,3888
random,1121
4 5,2604
help and,2660
book that,3045
transact sql,3564
it 4,2696
run vista,812
around with,1431
their money,822
clock,3822
turn off,1980
toast,2008
despit,984
write a,4273
layout,3107
nanci drew,3509
the current,1693
menu,2107
explain,885
configur,3642
return it,214
aspect of,3988
cant be,2280
all you,752
busi,1600
the list,987
everi other,2069
as well,4170
than my,2859
that after,3000
review that,2323
they need,1387
serv,2326
it a,3255
can say,815
wide,2557
map for,1473
it i,578
stop,2591
them and,1609
geek,1065
amazon,731
spirit,3688
report,1209
addit i,2805
to anyon,3825
the problem,88
step to,3495
earn,3462
bar,2940
it first,2325
one time,2283
at least,836
ever,522
excel,3452
to us,289
the state,650
twice,267
bad,478
have ani,1414
contrast,1312
i still,2270
youv been,3168
respond,1665
fair,3186
return the,1396
motherboard,3199
of tri,1225
administ,3533
recommend this,3515
you use,1279
them as,2521
glad,2855
result,1257
and enjoy,2966
not get,482
hero,1307
last year,2656
on what,2509
best,3518
awar,2350
00,456
said,210
with both,3726
program you,1415
file in,1399
databas,3513
away,234
is horribl,503
not even,83
the hors,1216
file it,946
score,4138
outstand,4168
finger,2704
was expect,2219
after a,3246
with a,3831
approach,1363
petz,2522
select and,2217
accord,784
i may,2367
softwar is,722
that to,3140
run in,3426
is easi,2694
boss,3558
a system,4026
softwar if,1480
not work,27
offer a,3206
aquarium,1232
recent,3754
of frustrat,2078
softwar in,1705
advertis,1662
high qualiti,1720
built in,3084
fan of,2368
planner,1010
expos,3687
is great,3187
mani problem,535
from other,4343
ill,1749
the lack,3087
comput with,774
2005 is,903
login,3586
browser,3332
a two,2933
to reinstal,385
con,3154
product if,3394
tough,3092
featur is,3443
entourag,2804
get the,1074
microsoft sql,3512
good game,3141
and they,265
6 month,1501
i learn,4104
mac i,1648
of their,720
tax cut,112
top of,3209
guid,2100
assum,403
anyon who,3620
speak,3015
code,3212
two program,2303
bought it,951
and he,3430
also come,3737
1 2,2739
dont see,2198
three,2105
need the,2129
softwar compani,1735
os for,3848
interest,3124
subscrib,3268
is excel,2652
updat the,542
tini,1800
lockup,506
a bad,1937
you might,3178
speaker,2742
doe not,23
on hold,298
not sure,2743
norton internet,386
a special,1066
but also,4159
lot for,2218
snap,3691
tri that,1226
child,1256
catch,2477
them that,1061
greet card,3997
the websit,1610
ugli,627
xp profession,1251
sometim it,2032
is in,1547
hat,3142
servic,122
properti,2973
i believ,4012
crash when,536
all in,3223
near,1418
comput to,852
howev it,2741
game for,3570
aid,3031
doe everyth,1992
by this,1423
product is,659
found it,3362
2 0,3075
on an,2179
deliv,4032
the space,1816
featur to,3216
ii,4294
shame,269
cant,229
frontpag,3532
im,2749
hebrew,1319
onli i,1775
hour identifi,3625
of game,4153
disappear,361
sort of,1667
when use,2912
i order,1844
topo map,2304
have some,2184
perform,3480
suggest,348
i sent,257
dvd r,2460
the bottom,801
writer,4056
drawback,2825
have complet,4274
is some,1774
choic for,3417
old version,259
as in,3469
user sinc,1759
to carri,1824
hang,785
again and,976
backup file,692
topo,1881
goldmin,2726
video card,743
these game,3664
nis,21
how the,3918
kid,3343
the child,3466
kept,402
page and,3005
bewar,154
administ and,3565
dure the,3916
not be,517
game play,4330
greatest,1252
mother,1067
document and,2627
programm,2133
window version,4010
my use,2203
left,1085
it into,1365
all your,1425
identifi,3472
background,3368
product with,875
photo,2972
laptop,3328
nuvi,4124
year of,980
error messag,69
yr old,1284
crash the,904
human,2121
be on,2313
do have,3839
yes,1272
accuraci,2137
wait to,3913
dont even,192
be of,2523
help you,3079
easi,2787
play this,3611
or you,3455
defrag,3783
see a,4109
it possibl,1378
say this,644
els,569
at my,3870
a 1,2556
this up,2800
a 4,2724
gave,347
track of,2475
applic,2588
is i,1825
reason to,1649
mayb,1136
preserv,1758
program are,3001
will allow,4129
your money,11
is a,2921
can also,3693
she is,3218
that i,1344
was told,319
use enterpris,3576
poser,4105
plus the,4134
that a,2357
as it,3371
apart,3976
measur,2176
to quick,3169
dont know,1631
gift,3131
specif,2636
simpl and,3324
xp,4187
i like,2892
negat,655
zoom,1341
the draw,533
were the,2287
smooth and,3289
unstabl,1253
confid,3773
price of,3325
hung,694
my mom,4295
the option,4225
softwar was,1197
i had,1686
who has,4100
attorney,2684
i lost,1145
old,3529
deal,2479
manual,2485
live updat,3416
eas,3551
somehow,1640
me the,719
see if,2256
for him,4006
to how,2074
these are,4195
favorit game,4085
bore,1040
work for,952
it make,3694
hard disk,4347
it claim,507
nice and,2868
implement,4034
bottom,657
would high,3710
pick up,1087
track,1875
power user,905
if there,3375
that mani,1801
realiz that,1704
game just,2324
may be,2068
core,4176
sever time,1055
bold,145
compress,3523
ms offic,2939
to add,2578
for help,749
well this,2411
discount,1150
and can,2565
review but,3267
colleg,4099
promot,914
peev,1861
you cant,2149
product so,375
chapter,1650
to read,3939
awar that,2116
and check,1333
use norton,223
sure you,3207
work if,2605
i purchas,3068
trend micro,4266
o,4192
unfortun,610
offic,2676
plus,2442
work it,735
reward,4133
spybot,931
softwar like,4354
produc,1050
about it,755
match,3505
than other,3170
xp comput,1212
set of,3083
buyer bewar,302
encount,3127
space and,2115
a better,1527
thing to,4175
and over,2657
profession,1522
so this,1129
son,3585
can play,1359
an extrem,1217
the layout,2796
gb of,3971
use i,3449
suffici,1760
but not,1305
support is,335
have purchas,2606
fight,3425
stuck,741
reli,1682
20 year,3166
one of,3936
e mail,334
to even,1651
control of,4283
war,2415
week ago,3195
headach,458
choos a,2003
vista ultim,3503
form,751
forc,173
bigger,2267
from an,877
how long,3040
anti virus,207
whi not,1641
help the,1432
get this,4190
encarta,2490
hear,1628
some good,1142
a whole,828
the content,1910
do a,1561
microsoft money,1082
they have,718
familiar with,3308
away from,738
come back,4254
uninstal it,153
sql server,3474
but at,2943
until,1611
just make,4262
inaccur,2208
complaint,2387
day after,392
just plain,1062
over a,1166
to email,1388
bug in,705
could find,1803
9 1,2990
the onli,2761
featur,1940
to one,3281
second to,915
in each,1092
i instal,272
upset,539
qif,1141
have fun,4253
money on,140
but no,2162
enhanc,4209
exist,967
no problem,3868
a beginn,3292
ship,1044
magellan,2122
was use,1537
assembl,1999
vista,3484
not as,3108
web design,3905
to list,4296
kid and,2865
is definit,4015
improv the,1577
has been,3431
can do,3440
new to,3835
role,3516
old pc,4338
given the,1993
foreign,3919
i even,747
shrink,1198
not an,2658
download and,993
discov that,110
figur out,1876
more power,2407
to disabl,2533
though i,753
veri veri,1776
sinc it,2486
would get,823
have bought,4086
experi with,2483
use vista,4076
notic,2706
insert a,2328
reinstal and,398
program crash,231
the bell,1320
billion,687
99,1258
younger,1951
the machin,279
the good,1184
longer,134
nation geograph,866
pet,3894
1 and,2866
transfer the,906
fact,1847
accord to,724
would work,988
becaus i,2882
backward,3387
bought this,405
daili,483
adult,3963
with it,3669
osx,840
a nightmar,530
0,3740
2 year,3360
have had,2144
see what,2048
consum,966
agre with,1495
it realli,2189
a major,1708
mile,2096
i final,638
skin,3948
your mac,4257
citi,2737
ulead,1642
and a,1689
decid,950
middl,1411
ver,532
star but,2857
overal it,2810
sql,3473
none of,249
flash,1692
to view,878
time consum,1736
two month,768
newest version,1826
decis,326
to type,1246
it if,3962
was look,2341
be much,2429
and whistl,1406
get rid,782
onli use,1958
program as,2821
play the,4053
for exampl,1053
a databas,3646
and 2,680
she was,3309
sound like,2465
enjoy play,4303
to load,129
the wrong,1533
1995,3844
blast,3269
exact,4037
to show,1463
is still,3338
cool,3643
see it,3069
ive seen,3290
go with,1153
administr,3685
level,3242
did,225
base on,2346
dig,1090
purchas a,853
brother,2790
worth it,3065
a refund,20
becaus there,1721
that help,3575
cooki,1894
to come,4060
send a,1334
system resourc,594
the car,1862
prevent,1691
turbotax,465
slower,1444
you pay,989
mani more,4263
you run,3155
applic and,4077
not had,2499
one star,126
imag and,2297
money and,581
and sound,4336
thing i,2664
from what,3022
port,1864
headset,2674
would recommend,3355
the garmin,1285
not for,1706
also have,4101
repli,205
a program,1442
nice but,1804
gps receiv,2079
suggest that,674
have it,3330
never buy,104
suspect,2817
that do,1483
five star,2713
appeal,1990
that their,376
cleaner,3573
use more,1908
took a,2849
nuanc,628
the fix,393
itun,1737
french,3715
agreement,2671
satisfi,2747
cant find,355
entertain,3982
there was,1303
who want,3789
i bought,128
address,1127
this so,2307
along,2949
game with,2552
teacher,3579
toolbar,2399
wait,352
box,238
buck,2893
still have,2653
better off,2468
to renew,1024
invit,1033
instal and,665
step,3485
program so,1712
trial,701
easier to,3337
gave me,943
web page,3008
bought the,455
them on,3383
love,3477
least a,1777
everyth that,4025
tweak,4211
you buy,437
freez up,2616
is that,1438
havent been,2541
comput that,1991
a much,1076
1st,1652
instal,72
i rememb,4324
cash account,35
a wonder,3914
market,732
instal is,4130
spywar,59
the download,1132
cost me,381
dont work,468
this should,4264
instal it,147
super,4033
i expect,1051
file on,1496
everybodi,3955
msn,1151
live,2980
an excel,3010
black,1518
support for,882
as of,441
am use,1446
site that,2070
symantec,3
for both,3467
stay away,155
there are,3138
micro,4131
game even,3729
clue,1122
a fix,1054
visual,1158
topo 2008,2675
would think,1310
templat,3256
can be,2945
is someth,1328
studio 10,299
all over,323
graphic,2646
keynot,1489
the offic,1205
the new,2919
car,1860
the net,3224
uniqu,3614
cat,3618
fli,2027
i suppos,1979
vega,641
load it,109
whatev,426
www,3319
design and,2094
complet the,3927
nativ speaker,2877
didnt know,595
claim,169
year for,2199
a pictur,2629
they offer,543
friend who,2408
it wouldnt,469
this product,13
need to,4234
a list,1426
crazi,3699
use for,2353
this seri,3882
phrase,2177
street and,1434
articl,3749
simul,1802
it isnt,2146
media center,4319
or the,1304
but was,895
a good,2691
the chang,2376
was disappoint,1071
learn to,3722
with them,1098
problem and,1259
filegroup,3602
ani other,591
that allow,3647
be in,1843
no real,2230
beat,3747
data file,284
anyon,3785
familiar,3441
but my,2977
piec of,111
fun it,3032
and my,955
map,1096
good news,1028
even have,813
realli need,2037
anoth product,144
clone,3684
job of,1397
the applic,1165
product and,514
mac,2260
dont use,1778
the best,3486
suck,1298
music is,3942
freddi fish,4070
man,2687
well it,1634
that the,1047
to continu,624
your a,3230
ss,4248
the manufactur,237
favorit,3494
not worth,101
not support,98
switch,1348
on vista,1249
chines,2897
start use,3810
veri much,3378
can take,3398
travel,2142
talk,1190
sd,1474
refund,4
cute,3713
it load,1779
8 0,3058
so bad,626
come with,3608
again i,453
for her,1506
recogn,2251
spreadsheet,2770
is too,1677
telephon,686
seamless,3589
have read,758
accept the,698
other softwar,1697
rosetta,135
avid,459
on mani,2298
group,1281
a non,3048
the recommend,1247
concis,1230
polici,484
are some,2266
so i,1207
one can,3163
about this,3352
platform,2180
featur for,2226
the world,3793
my 2,4361
my 3,1484
main,2050
my 4,4163
year now,1410
goback,47
trip to,1733
a man,2729
initi,3446
nation,2390
stabl,3935
half the,1729
we were,4193
gate,1172
project and,2030
discuss,2869
nor,354
save yourself,160
wont,737
has it,1945
mcafe,10
a copi,515
it has,2968
for anyon,3829
drop,609
purchas of,2077
my need,2551
separ,2253
program like,1147
magazin,4143
back on,710
them all,4004
love the,3662
rock,3555
want and,4312
quarter,912
i should,268
em,4073
realli like,3067
5 star,2889
they want,235
replac,2952
good luck,2527
yeah,2284
unlock,2371
up on,1982
okay,1548
happen,2127
to resolv,297
album,3066
shown,2274
through a,3305
3rd,1289
space,2181
the key,4210
prepar for,3842
4 star,2685
review on,3205
profil,1891
want it,3184
piano,1592
process of,2377
game like,3707
internet,516
recommend the,3261
the real,1459
the onlin,969
factori,646
is fun,2342
an applic,1887
day i,2066
out with,1185
partit,3506
one for,4117
on both,3377
or other,1805
my time,157
10 year,1841
you click,1171
custom support,243
without the,2792
price and,4122
enjoy this,2372
upon,436
dual,3640
and high,4360
turbo tax,117
are mani,4249
synchron,1117
to restor,714
refus,270
honest,3243
recov,4149
turn,2388
time the,1629
and think,4089
place,2908
analyz and,3727
a nice,2602
frustrat,733
need for,3339
i hate,1520
that doe,1475
hope this,1957
imposs,185
frequent,1296
origin,1661
xn,3547
that it,891
redhat,2809
offic and,1781
start over,1485
onc,3436
is probabl,870
use a,3240
my hous,1873
also like,4301
nova,3271
that have,2661
spanish,3421
choos from,2093
have been,513
panton,294
updat that,544
open,1564
portion of,3402
size,4172
take my,492
sheet,2511
workaround,1034
or use,3260
in about,4363
breed,3539
a month,886
the learn,2232
a messag,159
use that,1492
disk and,3296
first time,3248
play i,2775
white,1152
friend,3510
includ,2572
appreci the,3171
peachtre,138
to learn,4147
especi,3055
the rest,3331
abil to,2053
there were,3359
dont buy,168
specifi,2081
not easi,2071
the subscript,4308
thai,45
and from,4239
11,1688
10,949
allow for,1321
15,783
my four,4299
and easi,3136
gotta,3165
but with,3317
notic that,2453
and file,4282
fair easi,2524
ventura,3627
r,2979
posit,639
sometim i,4313
cours in,3762
it they,2314
i run,1732
pre,2765
zapro,1855
product in,1566
pro,3830
premier,963
i plan,2715
anywher,1669
say,382
dvd drive,4304
the same,263
shame on,545
great game,3679
1,2902
i play,3427
it but,2109
i mean,2583
sat,4118
mislead,1812
the movi,2564
squar,1046
advic,252
yet it,4344
will also,3094
and excel,3411
veri help,2276
pc in,2220
few thing,4349
note,2883
6 0,489
advis,338
for new,3382
go through,1079
noth,103
the english,2934
get a,851
you also,4007
sure,2813
pain,699
trace,4300
normal,850
bought a,1188
veri happi,4174
in fact,1597
a pretti,1713
take about,2989
paid,217
thesaurus,2864
thru,3409
beta,804
point of,1673
and better,3098
roxio,163
can just,3811
the charact,3391
mani of,1702
wireless,3742
game of,3617
renam,1941
to no,1389
rescu,1102
is worth,3444
a larg,3453
veri easi,3507
was also,2812
sale,2783
perform the,3478
think the,1936
shut down,4013
of us,3384
good enough,2426
a wast,53
x tiger,4090
purchas this,1373
review,422
of mani,4275
intuit is,399
show,2067
german,2553
to creat,3633
read and,3060
a decent,2617
minut to,356
zone alarm,3567
depend on,1202
bright,1714
money it,3401
delet the,2327
permiss,4113
would do,766
superb,3855
someth els,487
creat a,4189
had my,4302
was so,3922
slot,1032
onli,1081
slow,227
packag for,3041
as to,1851
transact,520
trojan,3952
photo and,3073
a dual,3989
a dell,990
the address,3047
who is,4108
out in,1643
encod,1588
program a,3949
2005 version,695
boot up,944
lot more,2844
when your,3996
window 7,2956
a learn,3103
the partit,3528
help file,956
that they,423
the use,3302
go to,1453
cannot,66
product but,864
3 week,1220
administr part,3600
truli,3663
this way,1476
manag to,847
girl,3639
not load,497
rid of,981
this was,1294
multi,3861
appear,2339
it at,3204
stupid,195
what a,84
program then,917
make it,3438
wait until,2305
husband,3059
summari,1644
file that,2097
kernel,1091
learn,2981
what els,2200
pane,1863
went to,466
all this,3078
learn curv,2134
here is,748
doubl click,2080
on how,711
instal i,4224
progress,3964
on some,2512
again this,4358
concern,2667
dont bother,187
user who,2201
exact what,3926
the better,2244
parent,3780
use quicken,830
conflict with,176
rather than,1080
it more,3120
as you,3299
cd,4136
enough,2971
so we,471
and includ,4267
import,1839
the level,4228
of program,1335
you purchas,1582
an option,2469
your time,339
so you,1745
thought that,867
still use,3115
content of,2000
and ive,3363
has done,1379
word or,2928
win98,2725
video and,4114
to fill,1309
come,3522
cakewalk,2117
guitar,2784
what you,2853
for that,2269
45 minut,1235
some reason,1806
your problem,1761
region,1968
bit version,4345
i use,2888
audienc,1994
inconsist,1988
and decid,390
softwar i,2571
credit card,143
improv,3965
just like,4202
music and,4240
manag perform,3622
there is,1206
work when,1022
curv,2254
the os,3929
keep track,2595
musicmatch,1143
color,2711
into your,2608
sure there,2609
insist,1093
found that,1436
60,2778
anti,224
to regist,824
it doesnt,848
download from,2299
damag,681
late,2546
she love,2772
that symantec,932
tell me,322
coupl,2789
get back,1645
to offer,1083
500,4115
the test,3883
never know,918
thousand,786
resolut,1666
power and,3956
antivirus,199
start and,4128
may find,2315
drum,2959
move the,1921
not compat,970
consist of,2502
pilot,1025
sound,1969
this but,2745
myself,3014
again the,1653
for someth,1105
on to,2391
will to,1507
might,2480
and print,2615
the seller,820
would not,50
mean you,1901
trick,2793
you are,1711
not the,1976
a total,671
hope it,2510
me that,756
version was,1830
anytim,1011
suse,3657
advantag,3080
then,1750
worri,3678
destin,3367
good,1975
eras,668
linux is,3798
newer version,1679
to custom,4268
give the,2379
of how,3121
develop,1189
doctor,61
resolv the,629
pay,212
problem instal,3871
at best,704
same,239
trip,1926
food,4005
the actual,2607
it worth,2914
final gave,293
eventu,3019
gadget,4270
pan,1896
week,965
havent had,2777
too bad,1287
and found,1134
open the,1123
wast your,22
a piec,2291
right on,2204
mani mani,991
director,1827
capabl,1529
to access,3385
the bug,727
my daughter,2895
this may,193
extern,2128
i love,3497
a must,3649
caption,1004
matter what,879
wish that,1762
take the,3215
tri to,6
i live,1236
macro,2871
new comput,1850
fun and,3615
i found,2273
tri the,2386
the sql,3577
step for,3501
system requir,696
rip off,156
model,4214
modem,723
might not,2823
comment,2358
the 3d,2020
contrapt,3601
and buy,557
download the,571
execut,3042
their custom,447
you alreadi,2072
can make,3680
support was,3410
rest,3175
more money,593
power of,2686
file,2009
older version,1039
support they,136
great way,3917
speed,1525
do in,2288
industri standard,4311
rate this,1828
but onc,1457
a newer,1738
internet connect,3928
littl,2771
desktop,4180
to uninstal,24
use in,3110
anoth program,2045
think i,2063
is slow,1407
scrapbook,4102
as one,2815
work with,986
each time,662
real,1343
around,3077
amd,1782
dark,3088
name of,962
current version,1486
pop,2054
it back,71
can creat,3698
amp,2709
in the,2592
is use,3116
32 bit,3744
us to,793
youll need,2534
even the,218
attempt to,211
server,3471
he was,3007
benefit,3910
is my,3788
either,637
out how,1911
output,2513
heavi,3403
nice,2188
manag,4245
offic 2000,2095
i could,860
deduct,2848
doesnt have,1557
game so,4164
juli,4095
set for,2124
l,623
be great,3024
out to,1200
adequ,2525
then go,1784
not to,433
to taxcut,675
offic 2003,3117
freez,700
recoveri,3902
confirm,919
monitor,4041
multipl time,1807
plan on,1654
definit,3898
slick,2876
landscap,1964
may have,3303
access to,2086
video,3696
whi i,1058
it on,528
exit,1886
impress,3794
refer,2920
my advic,560
so mani,1470
system it,4088
connect to,2654
garbag,131
each,3619
at home,3221
few year,1598
broken,1731
ive alway,1907
for their,859
throw,1263
handi,3119
veri well,3940
stone,177
ok,1893
let me,411
on this,366
varieti of,2833
island,1995
what to,1543
a real,4182
comput but,2340
is to,1617
act,2576
the softwar,837
industri,4220
mean,1899
pretti much,2007
processor,3723
road,1859
forc you,685
burn a,1567
routin,1508
outlook,1297
are a,2279
effici,1534
to think,1568
but for,1690
close to,2917
in my,3258
play it,3832
use an,2900
hes,2698
play in,4314
even though,198
it almost,2430
effort to,2514
problem was,716
than this,606
week of,1035
while i,1412
fast,3695
me becaus,1036
log,2252
want you,880
the money,834
internet secur,151
hey,3312
the area,1635
start,3866
hour on,108
lot,2682
reason i,3231
too long,1020
am run,933
it easi,3123
use transact,3595
applic i,3418
media,3770
tedious,1400
to explor,2416
is better,1295
rang of,2872
drive imag,3960
have with,2015
sinc version,1380
will have,2043
buggi,102
the latest,1342
conclus,493
faster,3113
free trial,3025
line is,1503
to build,4235
speed up,3291
fine for,2536
possibl,4207
realli help,3876
caus me,2409
that did,467
i call,115
for younger,2296
caus my,285
improv i,1808
me a,576
comput run,4326
be more,2596
the player,2847
me i,968
like you,2515
gone,253
money,1
ad,1924
creat,3537
they realli,3197
certain,2091
requir the,1089
game if,2202
be honest,3151
general,1663
choos the,3814
europ,3930
the imag,2829
nero,1049
av,397
if we,2159
game is,3525
mastercook,1655
call for,1311
film,1519
fill,1849
incorrect,633
again,246
googl,831
has alreadi,3049
it requir,920
and use,1755
i keep,1404
and need,2610
orient,2932
field,1599
is includ,2306
sure that,2239
compet,1573
guess the,3172
trash,62
especi for,3314
architectur,3877
was on,1360
for you,2170
brand new,856
registri,337
the includ,2227
sequenc,3701
symbol,935
support from,994
this cd,2191
charact and,4276
will never,248
out the,2570
spend a,3306
transact log,3604
comput you,4327
upgrad and,1538
the littl,3463
to chang,1511
pooh,1322
note i,2038
doesnt seem,1227
legal,2818
the price,2852
that had,1638
instal this,120
corel,3584
wife,4216
edit of,2456
invest,388
descript,2566
tend to,1930
have window,706
comput was,1330
should be,1562
potenti,1059
it never,600
invoic,1060
this upgrad,3189
cpu,1262
to download,573
user can,3666
time i,568
forget,978
got this,2584
your desktop,1233
illustr,2087
recip,3677
os and,504
dollar,180
doesnt do,921
month,309
much better,1374
to give,806
2 3,4103
disc,421
2 5,1254
mp3,3782
a class,676
i open,1636
disk,2946
children,3670
rom,3961
make sure,2978
for ani,3652
everi day,4110
if that,2018
set and,3002
tv,3004
gift for,3279
tt,1007
they could,3310
be abl,660
of it,1369
said it,587
i realiz,1683
the standard,2290
compat mode,2731
those,2542
i end,2022
is no,1077
softwar from,1535
order this,282
spywar doctor,29
fax,832
screw up,531
cut and,1809
adjust the,4261
song,1516
fals,292
soni,165
your tax,2034
faq,431
the screen,1552
restart the,2423
school and,3650
the phone,365
your own,3826
novel,2688
worst,12
failur,816
was instal,1785
to actual,1177
match the,3543
and xp,3994
in an,3251
open a,1656
will work,1350
into my,2516
what is,649
what it,2637
over the,2336
i recommend,3719
dinosaur,1989
be avail,174
i put,1219
bother with,369
small,2292
realli enjoy,2935
gb,3907
have that,3158
enterpris,3645
the fact,2126
set up,2769
unabl to,425
program this,2417
sync,1283
chang to,3272
cash,40
as good,2150
zero,320
design,4055
make up,3159
howev,2090
level of,4215
of vista,3778
what was,1730
to activ,769
quicken,9
dial,1401
sub,1237
microphon,2851
defin,3682
section,3353
advanc,3743
abl,2639
and perform,3957
like the,2831
delet,449
for updat,1763
version,412
the updat,2255
95 98,1810
but i,1950
row,2428
time and,312
the citi,3400
dial up,1228
plenti of,780
the photo,838
point in,1837
a live,2432
lack,2271
a more,2194
game are,3703
depend,1137
modifi,2102
my son,3779
zone,3545
ahead,1539
and be,3439
the account,341
nice to,3093
prior,242
amount,3298
arent,1280
your machin,3035
at all,383
friend i,4365
dont wast,82
was all,693
a rebat,907
wizard,3746
depart,2300
onc i,2659
user will,3880
is truli,4072
a softwar,1458
5 0,642
window is,3959
graphic design,3872
scansoft,596
famili,3702
so far,2563
memor,846
start with,1751
one that,2580
eye,3884
with vista,1031
usb drive,620
result i,394
the issu,317
now it,1707
support but,1113
instruct are,1811
almost,2590
comment on,2750
up and,579
of her,4064
data from,4116
is for,2941
minor,1549
becam,2028
not includ,1956
turbo,118
no time,3262
door,1057
just need,4309
and doesnt,1329
it doe,2263
so they,746
stick,368
broke,995
known,592
compani,57
other review,2950
my offic,2730
town,2397
dictat,2838
none,336
upgrad to,586
hour,65
hous,1983
so it,3333
adob photoshop,2896
outlin,1336
my system,85
me as,2806
day and,4188
paragraph,505
due to,2106
abandon,3282
in that,1268
6 year,3881
word and,4181
user the,2776
red hat,3026
much more,4049
buy anoth,1583
scan,4050
tell you,1160
challeng,3637
registr,2046
movi is,1963
accept,607
and keep,3366
also includ,3840
a second,796
their product,91
unless you,570
to releas,821
and so,4096
station,2161
dress,3795
not that,1878
concept,3791
huge,3345
this much,1238
cours,3636
not veri,1450
awkward,1909
secur,324
rather,1045
anoth,729
bit of,2259
was abl,2445
onli reason,1021
i paid,973
to remov,582
menus,1421
i do,2496
softwar this,763
to spend,2195
out a,3125
languag,4051
simpl,4058
distro,2779
fp,3599
shouldnt,1126
pinnacl,137
rude,182
ghz,4043
that and,4008
featur are,1927
catalog,2039
system and,3428
next time,1213
up for,2974
was onli,1739
me but,2118
and find,3456
least it,1996
short,2650
has alway,3903
back to,119
ani,4198
avail to,1239
was easi,3911
caus,313
got to,1558
i notic,762
love to,3208
5 year,3748
cs3,2689
cs2,2245
if a,688
photoshop,2683
rotat,1589
if i,941
artwork,4087
work perfect,3580
mind that,3043
trade,643
isnt,2356
paper,1622
through,1744
compat issu,546
while to,1829
great for,2754
hell,283
realiz,3423
24,2924
25,2476
style,2182
doesnt work,87
gave up,94
explor,4208
and you,4217
dreamweav,525
but then,2065
29,632
relev,3052
save a,2099
studio 8,1916
in no,3977
to quicken,113
we had,558
cross,2147
i also,1615
old comput,4323
of have,1477
the book,3011
independ,1772
return,54
with her,3102
check the,1460
sentenc,1120
it profession,3689
just got,1118
a small,3018
just not,1381
the step,3476
game has,4351
yr,1290
complain,2055
a half,1146
have spent,715
hook,3129
troubleshoot,3612
how to,1376
year old,3492
by hand,1498
authent,3967
mysteri,3660
new featur,2669
token,2222
reactiv,1382
servic and,1390
even get,184
fulli,3899
the help,3369
configur administ,3561
it in,3354
the day,4241
of this,826
told that,707
offic suit,1608
of word,2029
just start,4339
transform,3802
p,4200
to teach,3816
secret,2450
of work,1657
realli,2293
to enter,2554
without ani,3081
other featur,3148
ball,1383
expect,1261
sound card,2433
hope that,857
thing,3451
event,2233
for your,1135
call the,343
flower,3958
same thing,960
30 minut,401
find that,1371
robert,3626
appear to,2643
and student,3284
publish,3648
and onli,1292
of window,3638
doe a,3061
with that,1260
7,3655
chang and,1497
print,1884
blue screen,552
and at,2597
highway,1880
difficulti,3434
of interest,1569
same as,2963
to watch,2991
look like,1618
off to,377
slide show,1104
team,3739
adwar,3708
option for,1942
quick,3003
believ,4233
good the,1026
ask,435
wish i,438
more advanc,4251
softwar as,559
file as,1110
seem to,1913
the palm,1014
do the,2648
for window,3341
server 7,3481
must be,278
perhap,1528
and tri,772
up from,1234
w,1119
difficult and,2301
claim it,295
work fine,788
assign,3931
is on,4250
feed,3711
slow down,2154
major,1070
dont,244
for most,2378
i ask,1111
feel,2651
when you,1191
i switch,1499
are look,3986
great and,4028
construct,1915
blank,1097
horribl,202
miss,1078
be awar,2057
guess,310
that he,2846
is noth,1361
that other,1352
you start,3792
interact,3750
of quicken,759
least,790
taxcut,162
player,2969
to get,566
stori,2748
is suppos,1938
disappoint the,2228
expand,3859
statement,2373
design for,3860
ani softwar,2722
to play,3211
everyth is,1353
to call,612
gps,1454
am go,2131
2003 and,3101
call to,1183
mac is,3263
to simpli,683
click the,4229
sweet,4092
hotel,2538
although i,2234
tivo,2700
for beginn,2967
part,3856
be better,603
consult,2985
i wrote,2498
suppos to,1953
offic xp,1602
reinstal,38
king,3731
kind,1978
scheme,3380
whenev,1684
the drive,2398
remov,209
new user,3460
year ago,1623
grey,1179
as with,2618
bridg,2619
architect,647
to fix,219
toward,1461
the pictur,1186
have not,2092
for yourself,3027
set it,2898
do not,19
comput,148
say is,2229
their tech,344
wasnt,2573
for the,2148
digit camera,3404
use them,2555
biggest,2467
packag,1192
garfield,1856
compon of,3557
expir,717
pleas with,2957
boss in,3596
0 system,3603
your hard,3006
dedic,4132
everyth els,2927
it didnt,1854
long as,3892
sell,81
lie,300
i think,1946
great but,3062
of what,1747
on it,1194
this will,1709
with no,261
advanc featur,1215
product i,512
chang the,2645
now that,3135
the camera,1890
useless,34
some of,3347
power to,4280
put the,3389
onc you,2795
play,3479
digit,3836
distribut,1451
64,2561
much as,4203
is design,3730
get start,4111
english,2891
chart,3220
fix this,2435
this applic,2316
virus,567
i cant,451
thank,3690
price it,2329
70,4144
me to,308
do for,1786
charg,60
on their,1596
is an,3886
exe,2797
upgrad is,1391
quicken for,95
on you,400
clear,2665
creat your,3889
dvd rom,3944
i never,2668
drive to,2975
can not,2382
was not,601
pro is,3033
awesom,3661
softwar instal,770
the import,3104
confus and,1579
poser 4,634
0 and,778
gold,1900
money back,97
over all,3044
with quicken,996
the event,2001
area,2473
them in,3126
session,3809
four year,3887
should have,384
cds,2351
copi and,908
for year,2108
font,1904
fine,2360
cartoon,1934
current,2447
firewal,519
pretti,2183
the support,605
ultim,3504
solut,170
just get,4148
i enjoy,2380
onli a,1449
and reinstal,167
the memori,4281
valu for,3405
feel like,2275
have is,2500
seri,3517
unus,630
palett,3845
my 5,4362
i go,1392
dvd burner,936
financ,1559
veri difficult,1424
the quick,3265
a coupl,2738
nativ,3082
read some,4071
mainten,3587
provid a,1349
no one,443
the next,2278
him,3838
restart,658
builder,3736
be an,2114
the entir,428
they would,149
and out,2156
for support,186
pronunci,4346
compat and,924
necessari to,3712
tech support,16
are better,2631
work so,2899
realli have,1240
it offer,2405
hype,1084
good but,1164
3d,2335
you just,3772
the xp,2425
wrote,2662
set,2680
improv over,3796
aspect,3683
dump,473
vinc,2673
printout,1114
startup,827
delux,861
a problem,3336
from them,553
that wont,937
two of,391
dumb,1965
tool to,2828
what i,1614
transpar,3841
in most,3196
were not,1103
whatsoev,538
that would,865
project,3357
trial version,555
expert,3775
but will,1337
give a,3457
wow,4236
not run,854
come out,1448
the link,280
start play,3732
it also,3808
various,3805
save your,200
broderbund,372
for peopl,4091
free version,1914
bibl,3499
this time,843
you cannot,164
to put,2938
kit,3813
by step,2993
list and,1814
troubleshoot microsoft,3562
perfect for,3571
be good,1943
solv,1753
of the,2110
the upgrad,2886
to select,3091
in general,1723
for instal,3674
danc,3050
the gps,2186
time in,2474
account and,2418
of which,3219
time it,1124
alot,3985
collect,2841
pdf,1168
corrupt,196
to be,1471
pda,1099
load,64
interfac and,3906
simpli,800
i alway,3968
bell,1293
find the,3370
compani and,948
format,2261
has no,666
for now,1488
them to,1620
a fun,3641
strategi,3921
it now,3459
linux,3498
email them,923
throughout,4146
howev there,1831
platinum,925
worthless,127
instrument,3755
contain a,2221
to copi,3316
due,750
empti,2822
a project,3283
ran,2791
no way,311
for all,4042
are great,3777
rest of,2840
synth,2728
in a,4223
also has,4112
get better,4335
when we,2021
to allow,2211
onli get,2436
waypoint,1867
will probabl,2171
adventur,3923
an error,2363
exercis,4030
boy,3634
imag,2836
appli,2763
microsoft offic,3076
great,2690
mine,4199
fund,232
fritz,3559
is amaz,3849
understand,1345
say i,2374
but sinc,2986
happi with,3659
version but,1742
educ,3885
and never,833
becom a,3320
would probabl,3146
stolen,2811
to work,434
p4,3051
solid,3351
no support,105
tip,2705
budget,1016
onli to,1443
to updat,416
while,2010
against the,2870
this program,728
smart,1871
featur of,3933
error,31
fun,3488
if your,3869
have given,3099
if youv,2947
loop,3070
pack,2487
even for,2526
and your,4001
softwar for,2640
it crash,672
zoom in,1542
readi,4320
technolog,3818
find it,3109
therefor,2545
rip,584
hook up,2916
outlook and,1402
itself,1563
it great,2976
rid,1550
cd burn,2517
a custom,1959
place to,4151
hope for,2504
it own,1670
the track,1877
program or,374
they didnt,561
creativ,4173
funni,2364
itali,1815
difficult to,1440
grand,2212
9,3016
clear and,4316
a linux,3893
with anoth,913
higher,1710
a window,3139
vista is,3673
leopard,3429
alert,4152
to run,3334
000,4185
power,4179
user,4186
my wife,4242
fact that,2042
the need,3190
mani hour,276
what they,1627
a known,896
internet explor,445
safe,4227
task,3784
pyro,1865
older,2562
entri,740
the tech,947
spent,132
home design,1182
one more,3191
order the,1116
a differ,1169
expens,1439
elev,1898
it over,3095
the system,575
of microsoft,1603
process is,2878
chord,2714
you still,2330
sequenc the,3591
i upgrad,754
are realli,2424
my tax,360
citi navig,2708
found out,407
regardless,4331
and add,4066
network,3819
for what,2586
a great,2767
between the,3192
cut,1752
youll have,2461
allow you,3807
gig of,926
read the,2262
shortcut,2678
it can,3999
said that,868
os 9,2098
to buy,1685
may want,2205
use anoth,1241
huey,556
modul,1048
have ever,702
the full,1531
hear the,1403
that all,1267
vendor,798
fill in,1176
intuit,116
great i,4014
game,3470
softwar which,1500
the way,3938
bit,3806
paint,4135
the differ,4097
of inform,3200
knock,3285
the function,2832
system administr,3572
success,206
have tri,1853
are actual,1221
000 000,3535
resolv,124
as other,2798
cant even,55
version so,938
microsoft is,498
bibl explor,3574
time to,3329
made the,408
befor i,432
not let,474
this dvd,3943
would give,1487
for i,1832
hallmark,2125
often,1594
but cant,897
creation,2393
is just,2446
less than,2441
microsoft street,2040
im a,2879
sampl,776
tool and,3396
you dont,4039
in these,1833
it said,818
surpris,3300
be nice,3395
it will,2760
even after,395
scale,1870
comput after,3028
for over,1678
broadband,3264
mobil,1013
select of,4317
this happen,1787
the microsoft,3217
file i,597
per,485
seller,2585
larg,2909
set the,4219
3 hour,4139
mhz,4123
7 0,3493
paper map,1888
machin,789
run,3259
you a,3009
than the,1419
this make,3286
the other,2560
instead of,3235
they also,909
rememb the,2420
oem,3716
game but,2190
until you,2246
newslett,2501
was that,2923
identifi the,3475
as possibl,4269
game to,3897
packag that,1590
wouldnt,306
price is,3978
help in,3464
is becaus,1173
memori,1277
this game,3482
britannica,1125
great price,4074
help is,378
until i,1698
ide,1393
1gb,3990
block,1948
instal window,4067
but some,1834
few minut,3890
have one,1478
support this,819
visit,3998
pretti good,1445
i high,3552
stop work,1490
money to,1765
also be,4258
work without,2331
chang,2842
lesson,4184
not avail,2289
drag and,4256
nsw,547
show me,3847
institut,2213
are more,3376
mac version,2123
month now,3414
submit,744
custom,25
editor,4213
camera,2059
review and,1658
this the,2594
suit,1526
amaz,3519
himself,3631
and edit,3979
just one,4011
a bit,2762
on anoth,370
not buy,30
cloth,1966
screensav,1491
link,1306
translat,480
the card,2396
russian,3875
end up,1971
line,953
far better,1323
info,1094
learn that,2031
be compat,3160
im sure,2880
your in,1783
wast my,396
is as,2157
step necessari,3534
point and,3100
it easier,2929
down the,1274
turbotax for,2317
edit and,2344
run on,608
they are,977
shes,3407
be worth,1764
will need,4002
v,3909
constant,1612
about buy,3143
the exact,2505
m,4029
for home,4285
new softwar,1130
haunt,3945
there the,2302
through the,1601
chat,121
is about,2598
aggrav,500
to jump,3147
doe,481
do anyth,616
x men,4078
also make,4286
onli the,3458
titl,1029
magix,4352
os x,3672
do so,781
nav,107
use to,2647
like that,1846
cd and,3908
them with,3800
instal configur,3563
word document,3318
mean that,1674
dont care,625
fine and,2035
a profession,1462
a joke,133
2003 version,1178
system i,957
howev i,3422
thing the,2082
laid out,3735
nis 2007,46
it off,446
you ever,4093
have mani,927
deserv,303
ago,663
to switch,1428
color and,2992
third parti,3756
the desktop,3610
think that,1530
for hour,3904
dvd,4178
age,2753
im glad,4126
for kid,4255
week and,648
2002,475
2003,1086
coupl of,2752
2001,1700
2006,114
2007,773
2004,80
2005,33
far,2478
but if,3137
2008,2693
you could,862
up but,2931
pc version,1883
do my,645
gt,1005
new one,2395
still a,2285
scratch,1162
dont think,1541
wordperfect,1413
get use,2699
i read,3442
alien,2002
one thing,2365
year the,1724
norton antivirus,373
support i,417
i check,1725
support and,340
router,3954
that can,3700
lawyer,3972
the puzzl,2937
then the,1269
most recent,2223
itll,2083
and instal,590
young,3214
send,477
ani more,1505
spent hour,175
you may,2577
and quick,3273
let you,1756
function of,2732
are use,2655
sent,58
annoy,2497
wont let,1332
email address,1408
it show,2332
the clue,1338
disappoint i,2612
along with,3111
mous,2854
hour with,509
my own,2887
within the,3074
disast,152
my other,1570
all these,1716
ibm,2735
tri,8
money i,461
almost everi,4329
eas of,3671
compani that,460
him to,4063
in mind,4160
worth the,1595
race,1882
it she,2727
game the,3130
it allow,3397
havent,2720
howev the,2491
earlier version,1696
of junk,230
to purchas,2348
smaller,2437
fortun,462
should not,190
za,2214
crop,1922
jump,3017
work on,1441
today,2440
high recommend,3491
slackwar,1000
the mous,4057
download,142
realli want,1544
odd,2281
well but,2734
gps unit,2318
and thought,2004
compat,809
index,1717
want a,1512
compar,2249
tell the,2119
that mean,1967
multimedia,3728
think it,2019
access,2547
acronym,3550
of some,1740
the roxio,501
better than,2401
is avail,4154
site and,829
for each,2444
care about,697
the begin,2544
dissapoint,1313
would have,349
my older,1571
and set,2757
satisfi with,2780
you tri,1195
recommend it,3606
bodi,1291
to date,2135
let,883
ms money,1038
sing,4305
becom,3112
sinc,2389
at first,3236
convert,1375
when i,262
32,3686
is also,3569
30,325
vacat,3761
delorm,1003
at this,703
more it,3764
doe what,1722
you want,4348
mani differ,3824
just to,807
video game,4158
amount of,2839
e file,1962
the hous,2343
bare,2470
calibr,3340
softwar the,2047
although,2023
danger,2419
win,439
app,2113
was an,3229
window me,1464
just a,2044
to click,1015
to use,3420
bottom line,802
copi the,2998
is bad,494
as much,4212
if they,203
fee,1266
crap,183
usb,3433
usa,2345
no other,1248
a friend,3833
did not,254
upgrad,618
it not,1625
websit,577
and how,3863
take up,1509
other than,2910
begin with,1584
retail,4243
the right,1275
softwar so,3023
same problem,3327
sort,1621
pencil,1766
and not,1754
buy this,56
but it,1912
get an,777
to search,1835
am now,331
for this,1626
fix the,1052
my onli,3013
email and,765
save my,548
trail,1872
depth,2801
this set,2994
screen is,2076
rabbit,1510
had been,1435
actual,3344
benefit of,3950
system but,4290
cd is,3468
starter,3951
fan,2361
a previous,2930
account,17
and play,3656
that use,1793
i often,1647
even instal,286
ride,3865
time of,4333
cumbersom,1354
a home,3156
obvious,2258
to have,2294
veri fun,4068
drive the,3895
the packag,1347
this is,4052
didnt,1302
plug,2601
control,4000
e g,3348
and to,3237
is not,362
not in,1680
lock,572
tax,26
calcul,2103
ive ever,452
enterpris manag,3560
high,3496
he is,2894
tag,3635
proprietari,1836
to contact,2518
tab,2101
onlin,1276
expect it,2366
analyz,4230
of thing,1433
lame,470
not recommend,429
i didnt,3238
instead,3372
stock,2250
are easi,3991
no help,130
includ a,3465
express,3767
the road,1903
farm,3812
watch,4259
but a,3210
payrol,1362
it suppos,2036
notebook,2073
men,4238
their softwar,315
i look,1196
jumpstart,2158
my data,191
i gave,1523
pocket,1949
so that,1159
essenti,2781
nanci,3490
dont like,2375
light,2983
although it,2172
from a,2169
robot,4069
faster and,3851
powerpoint,1694
issu,835
to avoid,795
i went,179
updat it,290
out for,3232
can use,4205
do some,3201
hard time,1394
the various,2369
to deal,1572
this can,2421
poor,68
movi,1932
train,3241
which can,2987
up my,1437
continu to,2482
is good,1981
who have,3307
perfect,3521
my account,598
this softwar,321
store and,1788
both of,1789
chosen,1767
make your,4221
week i,871
it use,2064
html,4206
ive had,2484
kindergarten,2915
help her,4292
put them,2308
player i,2807
out but,3173
decad,1479
bye,304
jukebox,1009
dad,1465
youd,1955
crash,51
greater,2466
good program,2613
handl,2905
well worth,3578
overal,2058
the print,1885
best featur,2819
you through,1791
product becaus,635
well and,2719
for anoth,2620
the direct,2794
systemwork,70
have i,1799
i discov,345
to see,2355
anyth,141
edit,4246
comput and,979
not found,1960
the toolbar,2740
the laptop,1818
slide,1041
never realli,2311
yourself a,621
to set,2764
a blank,4081
the menu,1429
cant say,2995
it could,3295
to track,2535
find out,1974
label the,3623
final got,342
bluetooth,1023
there but,3118
so much,3590
patch,1101
my pc,410
son is,2799
special,4038
not all,2139
fritz and,3597
other problem,1819
old son,3776
few time,2507
know how,1282
upgrad from,2347
at amazon,4288
internet i,4353
hardwar,3553
is onli,2178
i tri,42
sp2,3725
red,3249
my comput,92
do and,3823
out there,3177
to i,3161
do you,884
ipod,1857
stop the,2503
to a,849
interest in,3085
told me,75
anyth but,910
scope,4265
after instal,739
consid the,2635
doesnt even,305
thought this,1174
not seem,1604
it this,4201
increas,4194
in all,3373
cri,3188
pay for,526
problem i,654
g,3179
are also,4031
you need,3867
the place,4094
could,589
problem for,442
keep,3653
anyth about,510
now you,1199
to turn,2235
a patch,869
the worst,36
word processor,1935
and went,898
respons for,3759
a mistak,881
softwar,32
one in,1229
qualiti,2579
this compani,172
product to,653
simpl to,3864
learn the,3445
but he,1222
to and,3063
to send,975
3 1,3419
one is,3704
expect to,1170
3 4,488
one it,1502
play with,3605
hour tri,301
choos to,4289
the old,4197
off by,825
to understand,1633
accent,1591
messag,41
good i,2628
attach,1842
and she,3122
was a,3213
the custom,745
work and,2641
norton,7
not tri,1324
final,464
think this,3252
one day,2630
the develop,1042
becaus it,1455
a time,4226
where you,2041
at a,3064
than it,2060
the qualiti,2383
to figur,1947
hassl,1430
what this,1792
maze,2996
is done,3145
the fun,4366
practic,3804
good and,3226
photograph,3096
bloat,2621
bother,266
thing it,2243
hous and,1889
next day,928
structur,3072
charact,3114
so call,537
the instal,3424
control over,2166
steep,2206
onli work,2005
ad to,2632
terribl,139
a first,3854
yes it,3287
dont expect,1918
the box,450
irrit,3090
fail,333
this i,1852
work proper,511
and vista,3891
featur but,2459
i havent,2759
need,2333
softwar but,1551
no need,4161
element,3531
he love,4120
and for,1301
own the,3275
give me,99
screw,228
stick with,841
creat the,2867
finish the,4237
as if,1366
rout,1868
mid,2427
is like,1840
instal on,277
of 5,2816
to normal,495
to navig,2132
combin,3966
seri is,2539
soap,3592
singl,3827
happi,3667
but when,1845
unless,406
allow,4046
deploy,3709
phone number,945
whi,350
discov,271
faster than,2746
arcad,2286
negat review,3253
to sql,3846
exampl of,2412
payment,418
cs,2723
the addit,2827
and most,4036
the ad,2167
is this,346
2007 is,3150
more than,1660
request,125
i realli,2982
take to,2215
inde,2622
program for,1630
program doe,1637
and this,4218
se,1726
attribut,3588
occasion,2277
wast of,5
those who,1452
inexpens,1043
50,2559
to just,2455
smartsuit,2672
tape,2955
the train,2965
at the,3820
pictur and,2550
user and,3379
connect,4061
this featur,2462
has not,858
is your,2540
run the,2710
portfolio,222
custom servic,63
are do,3034
care to,1820
staff,689
similar to,4141
to tri,805
never never,90
locat,1632
veri fast,3969
program and,2238
figur,1897
manufactur,565
from the,2439
jam,4121
suppos,1931
this mean,1139
my copi,3036
game i,3583
possibl to,2422
i cannot,524
it like,1469
hope,742
quicken and,1314
freddi,4125
contribut,420
sinc the,2384
far it,2875
to it,2906
amaz i,4271
bear,2716
and support,4307
tool that,3412
buyer,329
lucki,760
endless,4334
and learn,4019
ms word,2964
organ,2786
and money,583
for our,3815
the librari,2614
after you,1355
qb,2140
so now,1063
she,2681
support by,899
and well,3970
and hope,1214
must have,4204
on me,961
i contact,415
version 5,636
version 7,1659
knowledg,3658
my hard,1517
version 3,357
fail to,150
use than,3276
softwar it,2548
veri cool,4277
area that,2309
no matter,845
fix it,430
high end,2623
still,3450
prior version,146
record,3388
have alway,1286
associ with,900
just do,2528
sure i,3020
tend,1928
get that,2803
written,2141
the program,1108
use their,764
limit,1905
neither,613
youll,3257
secret of,2241
bought,44
near as,1727
instant,3781
game was,3297
a trial,502
onli problem,3134
version i,3447
all of,3983
key,4232
there no,779
control and,2997
uninstal the,363
small busi,1560
addit,3180
back in,794
still work,2717
i get,236
map and,3222
way i,2136
of hour,3413
joke,201
equal,2529
display,1417
etc,1624
element 3,4306
allow the,3901
admir,1874
the work,2471
off the,2359
after use,682
far as,2185
they just,604
two week,3225
read a,3454
co,3873
i recent,974
have better,2506
wall,273
and have,2448
wonder,3556
arriv,4183
walk,2349
use it,3245
keep my,2860
photoshop element,3774
near the,1325
thing but,1112
mess up,622
a child,4140
still the,3057
scanner,2153
quit,2951
photo edit,2948
nd game,2926
you have,1554
spamkil,690
teach,3630
for vista,4337
window,3766
compon,3520
than that,2733
the word,2890
treat,708
easiest,4325
work flawless,3853
a littl,2712
but after,1416
the 2005,2310
and feel,3313
the 2007,318
good product,2936
both,3937
not find,2160
more like,2413
good as,3185
way for,3406
was in,1984
togeth,3233
mail,2143
furnitur,2701
i have,564
i will,86
present,2970
this would,2454
the futur,4145
replic,3500
if you,3437
program if,2519
plain,1364
nd,3326
harder,3304
but is,2901
pixel,1790
a blast,3288
load on,942
the back,2463
this movi,1858
remind,1565
at work,3198
been a,673
can learn,3992
layer,2236
purchas,730
aw,327
that we,614
say it,3356
problem that,602
demo,2581
a partit,3624
in it,2400
archiv,2858
claim to,2913
of good,2863
version with,3676
avg,1741
this piec,77
game and,3582
game as,2988
g4,1933
and trip,1521
of dollar,911
parti,4191
guess what,216
listen,4021
so easi,3632
and more,4177
i ran,2960
way too,1718
definit recommend,3706
most user,3277
my desktop,379
microsoft,4222
and read,2056
will give,4127
difficult,1545
competit,1204
inform and,2633
but the,1056
http,3162
money for,1555
veri user,3821
first place,872
effect,3828
can even,4340
is somewhat,2168
screen and,3381
student,3541
is fine,1242
am still,2944
and fun,3270
onli be,771
the unit,3053
off,158
in law,3946
im go,1154
colour,2751
well,2953
a map,2061
versatil,3878
thought,734
idiot,934
exampl,1030
command,2721
achiev,3089
note that,959
choos,2237
ultim x64,3629
audio,2593
add a,3364
latest,1175
great it,3763
45,1128
a complet,972
not just,2247
boot,4196
half,1456
obtain,2438
easi as,4328
palm,1001
cant do,1339
is the,3554
skill,3527
easi for,4342
to replac,3037
even more,1681
panther,3293
kind of,1986
point,1672
of an,2024
technet,3598
2009,3973
script,585
book,3544
preschool,1585
it get,1668
schedul,2954
and bought,444
introduct,4142
i find,2692
kick,1540
great featur,3993
sonic,997
month ago,364
fun for,3953
them for,3105
driver,3705
game that,3757
piec,523
well as,2785
open up,1395
a product,808
came out,1299
log on,1817
five,3769
os,3524
littl more,1719
redesign,551
2nd,2406
with word,2434
the page,2881
a gift,3029
insert,2644
to final,4082
lost,889
didnt have,1346
has some,2834
the product,255
get ani,562
tool for,3581
you learn,3350
necessari,3718
and new,3924
idea of,3321
to choos,2575
product as,842
candi,4291
forc to,958
of bug,287
in this,2402
and troubleshoot,3536
would be,954
to insert,2013
regist,2152
step by,3280
suppli,4017
now and,1701
softwar program,4016
hair,419
except for,670
macromedia,413
export,1075
name and,3322
lot of,2736
mistak,74
to window,2587
guarante,667
next year,2163
an altern,3167
as far,2151
happen to,617
have this,792
will be,890
competitor,873
find a,1270
had the,2268
avoid,178
more difficult,2530
chess,3526
has to,1515
the voic,1895
to import,2634
anyth you,3980
the number,3361
fun i,4310
fun to,2104
off and,221
to transfer,316
and will,2385
els i,3054
putt,3365
it cant,2017
host,3879
the document,1605
pop up,1954
to delet,1243
to open,1107
veri limit,2231
year and,4020
simpler,2224
cant wait,3613
the norton,274
sister,2884
might be,2187
switch to,527
requir for,3797
label,4321
mappoint,3675
fear,3174
that some,3228
map are,1929
almost a,1331
graphic are,2257
it veri,4106
the huey,767
disabl,351
theyr,855
upgrad i,2850
own,3817
kinda,2006
the rosetta,3152
devic,3714
by far,3932
doesnt,588
my favorit,3538
awhil,1586
couldnt,1664
put it,3915
pictur it,3799
out which,1997
most import,1244
limit to,1064
to test,3278
of difficulti,3144
on his,4155
pictur,1524
love it,3511
transfer,440
a clue,1068
wont work,1468
cds and,1481
out i,1715
you were,371
a compani,171
are pretti,2084
it becaus,1556
function,2589
the compani,448
their support,96
could see,3294
not so,2904
hp,3183
this a,1675
cant get,332
turn it,939
alway,4322
uninstal,2
whistl,1250
in some,2062
problem on,2120
ha,1794
bug,197
hd,998
in ani,3128
wish,2568
realist,3768
smooth,2903
flip,1148
disappoint with,1115
to their,247
abl to,2488
directori,2537
be veri,3244
web site,2112
quicken 2003,1218
user interfac,2493
otherwis,2352
problem,14
remov the,2599
better program,691
hour i,330
chip,3874
better and,4165
result in,1073
pc game,3651
love this,3514
pin,929
the biggest,2164
i dont,1472
to 8,4287
technic support,43
to wait,2173
fun game,3834
right,3342
help me,1514
havent use,2695
or if,712
i assum,2319
the free,1925
thing and,1743
probabl,2089
spell,2394
great job,4272
loud,1398
work i,479
form and,677
integr with,3193
becaus of,1157
you how,1356
detail,2025
40,1167
and veri,4023
to upgrad,353
money 2005,106
varieti,2492
is so,3900
instal went,2802
didnt work,359
canada,3164
junk,166
repeat,2574
star,2174
to print,1879
can have,3717
list in,684
format and,1593
stay,233
not instal,251
this problem,427
are so,1370
iwork,1133
the size,1315
is all,3925
cliff,2679
ghost,3857
impress with,3654
cannot be,775
which work,901
reliabl,1671
the mac,2011
featur i,2449
rule,1163
emerg,1838
effect and,3760
of sql,3609
the map,1340
method of,3202
gave it,2788
