default,695
code,316
forget,140
switched,487
caused,89
beware,72
lack,280
wordperfect,540
none,266
month,288
four,630
manager,442
disc,117
compatibility,917
follow,1194
disk,297
hate,510
children,1052
issues,351
seemed,495
content,784
certainly,826
backup,1156
zone,1134
effort,652
description,845
wizard,456
functions,898
young,1014
send,100
good,797
languages,953
0,347
finally,93
program,198
wants,571
saw,671
reviewers,371
suite,573
sorry,213
subscription,225
worth,772
sent,48
pay,66
updated,279
downloading,496
street,524
worse,44
far,834
activation,335
dell,75
results,440
puzzles,1119
replication,1118
worst,3
updates,696
sony,55
trouble,621
difference,720
final,1192
fan,829
minute,161
room,566
entire,233
school,1139
magic,1204
cable,613
level,815
did,96
issue,348
notes,384
having,1038
companies,508
solution,130
000,1177
try,43
item,278
red,636
small,641
havent,963
enjoy,887
says,206
ten,443
streets,581
budget,541
past,338
rate,203
cost,402
video,914
wife,1007
download,163
further,705
investment,107
machines,192
quicken,9
even,69
errors,36
plays,1140
appear,835
giving,314
saved,1059
section,483
probably,803
area,825
while,809
enjoyed,1008
current,320
waiting,127
version,177
templates,1039
above,419
learned,485
ever,135
method,994
stable,1154
told,30
full,740
ms,877
never,26
drew,1120
hours,68
downloaded,154
tracks,950
slow,105
let,148
address,504
alone,290
based,876
100,409
quite,882
appears,220
change,762
wait,864
box,144
great,971
kids,1003
daughter,1061
forum,155
difficulty,1174
technical,20
items,1021
changed,325
allows,1141
reason,383
experience,414
guide,794
mac,860
prior,151
amount,499
arent,545
pick,670
action,420
opinion,951
theres,369
makes,763
options,1165
missing,501
thats,866
recommend,1033
fantastic,1037
via,464
useful,712
apple,1175
family,1147
extra,642
win,118
highly,1116
expect,513
put,843
names,591
printer,690
total,101
tools,1017
market,326
challenging,1051
takes,878
working,398
songs,531
protection,681
etc,646
charge,67
few,726
live,868
camera,787
call,82
therefore,488
6,176
taken,891
themselves,1098
type,700
until,205
today,291
helps,925
sort,601
turbo,58
symantec,2
knows,1046
started,867
share,706
company,21
under,479
99,372
phone,28
visual,528
stick,126
particular,750
known,141
hold,312
95,173
glad,988
must,232
customer,14
hardware,1179
account,39
graphic,806
word,955
wouldnt,145
hour,172
car,789
setup,840
turbotax,194
installing,229
friendly,958
reviews,86
movies,1018
anywhere,358
resources,315
install,123
v,858
following,254
making,1178
didnt,264
example,539
history,386
control,799
tab,783
figure,775
give,287
process,658
awesome,1150
trial,356
tax,8
accept,195
terrible,65
high,649
heard,764
way,900
numbers,465
purchased,246
hit,689
story,697
simple,1055
returned,57
huge,734
needs,606
end,463
thing,895
rather,503
mouse,998
write,936
six,748
feature,583
machine,452
menus,484
amazing,1011
answer,702
instead,295
map,530
designer,1186
okay,534
explorer,183
crashes,49
cheaper,1103
overall,831
advice,77
earlier,377
mapping,559
came,725
educational,865
crashed,150
wrong,309
disable,95
designed,378
opening,1015
coming,919
requirements,821
choice,743
response,227
types,1193
man,961
purchase,313
short,221
remember,888
third,1096
maybe,529
documentation,421
bugs,168
powerpoint,554
provide,579
switch,323
ones,812
automatically,1210
allow,318
enter,263
button,1080
putting,489
order,462
talk,509
uninstall,12
refund,10
photoshop,966
played,1084
office,619
oh,1197
move,742
soon,493
installed,54
ended,298
isnt,701
paper,538
through,582
looks,685
keyboard,869
mentioned,444
letters,765
still,661
features,793
perfect,1093
rosetta,45
style,1044
peachtree,16
20,370
monitor,1034
maps,777
personal,871
pcs,391
fix,35
needed,1201
reinstall,32
better,357
feel,908
window,608
offers,852
systems,355
mail,494
weeks,564
main,811
might,699
easier,991
happened,238
eventually,364
non,447
someone,361
return,60
similar,738
age,982
break,872
mention,362
course,1144
effects,719
kid,1161
half,334
own,1089
bar,552
son,1102
nor,174
instructions,417
wont,179
easily,651
document,710
auto,839
edit,481
fully,721
frontpage,1131
fonts,879
capability,359
skills,1146
slide,505
stopped,283
mode,657
turns,620
found,714
went,62
side,517
luck,167
development,602
everyone,1190
adobe,1083
directly,730
p,1213
doing,491
house,856
hard,945
idea,247
him,885
books,1142
remove,182
girl,1091
macs,873
couldnt,618
special,574
tried,37
living,920
given,474
network,235
driving,781
display,603
open,717
jump,1047
since,399
reboot,466
research,360
looking,761
include,883
com,1070
7,461
internet,76
print,381
got,281
cause,251
correct,435
math,468
shows,612
dictionary,1022
improvement,844
horse,457
standard,874
g,992
completely,153
complicated,187
collection,1064
imagine,196
ask,366
teach,731
wanted,217
beginning,822
card,889
care,223
training,647
perform,1110
language,572
created,367
where,848
could,216
computers,138
programming,515
days,252
times,271
turn,814
american,654
produce,522
place,938
w,547
enough,915
students,1127
uses,455
transaction,1198
onto,337
think,824
major,511
already,899
dont,133
colors,997
grade,785
apps,568
powerful,1031
yourself,293
clear,1212
pop,796
done,939
fast,1160
another,303
spanish,773
hear,617
impossible,125
xp,273
quality,498
size,673
take,1208
guess,124
management,575
limited,798
activities,1076
start,677
together,1027
night,1012
least,234
taxcut,152
anyone,1167
paint,676
2,759
master,836
listed,92
typing,422
norton,4
perfectly,1149
dogs,1137
speaking,470
gps,595
excellent,918
selling,84
option,709
mostly,560
programs,1185
tool,1078
exactly,667
took,412
always,1082
released,497
mystery,1148
part,1153
too,1043
somewhat,729
off,99
copy,341
11,453
10,379
kind,715
12,286
15,162
unfortunately,202
things,598
boring,519
bother,81
database,1125
second,937
youve,921
project,633
matter,736
decided,342
supposed,296
loves,1101
light,1006
cards,795
design,1184
gives,901
playing,1073
html,928
interactive,916
pre,975
function,626
before,1200
systemworks,22
ran,339
navigate,819
pro,1171
ram,270
turned,851
mine,754
talking,614
say,397
close,755
need,837
seen,478
seem,627
apparently,90
clearly,542
configure,768
sell,78
forced,208
documents,1009
built,1028
able,368
once,909
editing,757
upgrading,322
building,979
purchasing,363
port,779
note,935
sound,810
recommended,747
animation,804
useless,19
finding,1068
performance,294
many,433
hp,688
blue,250
play,625
experienced,299
multiple,245
nancy,1117
64,390
normal,175
track,778
knew,373
paid,131
beta,139
printed,403
plenty,259
net,802
nothing,47
roxio,103
future,1100
rom,949
why,104
icon,256
audio,841
truly,1162
especially,990
windows,1176
alarm,1126
later,219
drive,272
brought,933
spend,404
looked,380
ways,1163
points,628
tech,6
clean,1206
movie,739
professional,555
left,514
away,87
fact,586
saying,214
behind,1207
contacted,79
show,669
text,388
supported,210
cheap,1086
anyway,255
spyware,134
discovered,115
bring,330
large,983
planning,1205
cds,745
label,1145
fine,336
pleased,977
lessons,912
o,751
upgrade,193
layout,767
knowledge,1056
title,507
menu,546
extremely,1211
written,807
failed,257
going,275
pretty,640
photo,1138
folks,584
8,954
folder,655
local,1030
accurate,588
hope,350
loved,913
handle,331
goes,1215
means,200
express,1195
stop,623
satisfied,980
pocket,786
amazon,292
cannot,33
negative,178
words,549
despite,260
during,267
years,285
emails,116
nearly,637
areas,850
runs,989
pinnacle,147
settings,896
taxes,237
patch,352
twice,83
bad,146
stuff,668
she,985
gotten,766
release,387
including,1157
fixed,437
automatic,242
require,838
wrote,596
set,962
art,324
questions,1199
reference,993
creator,261
mind,1029
lot,932
edition,698
computer,109
result,142
progress,704
best,1085
creating,930
00,165
said,70
lots,774
pictures,605
review,249
currently,353
sites,189
upgraded,207
partition,1121
3,434
r,870
various,1166
teaching,1090
correctly,215
between,946
3d,1155
import,580
uninstalled,23
reading,832
youll,924
law,970
bought,13
choose,1170
notice,960
recently,432
ability,805
25,304
screen,650
however,741
guitar,629
mcafee,11
job,727
key,944
clues,749
interface,631
printing,780
packages,502
come,1152
improve,653
received,365
figured,374
installation,431
license,306
wasnt,411
joke,51
ill,317
space,686
against,1218
called,40
players,569
connection,594
objects,576
games,1111
alot,732
interesting,663
operating,428
browser,1010
whole,310
asked,136
comes,622
otherwise,816
load,24
then,469
liked,808
point,680
firewall,209
character,1024
device,1172
each,632
whatever,111
cd,599
directions,648
simply,244
likes,1000
learning,1004
upgrades,211
loaded,922
trust,385
consider,1048
along,995
expensive,550
speak,976
considering,258
forms,393
graphics,881
ease,1097
every,770
addition,1016
decent,394
create,1128
three,302
quickly,1054
pc,405
secret,861
much,692
dreamweaver,143
basic,724
expected,660
believe,737
waste,1
4,1062
website,85
wonderful,1132
life,332
premier,226
ghost,1158
both,1169
route,792
offered,973
requires,857
antivirus,102
else,158
tiger,1196
photos,1072
finished,952
understand,533
child,687
improved,557
worked,343
general,823
garmin,593
those,880
case,662
myself,1002
reinstalled,166
look,1217
virtual,604
straight,892
cash,5
value,1075
choices,643
near,561
suppose,691
error,34
fun,931
voice,790
frustrating,597
taking,415
mistake,18
ive,956
30,137
suse,1143
hoping,243
xandros,1113
manually,345
almost,634
completed,1092
helped,728
player,674
cant,132
itself,518
im,446
reports,476
dual,1187
ready,1203
crash,212
rid,307
technology,941
id,427
different,859
annoying,947
anymore,274
credit,190
perhaps,450
suggest,224
same,110
trip,788
1,817
parts,562
dvds,454
9,999
party,926
several,382
difficult,482
week,268
fairly,703
finish,490
keys,543
publishing,1135
drives,849
possible,413
topo,782
usually,659
running,429
levels,693
moving,448
user,1191
student,984
pdf,587
nis,7
totally,340
recent,904
characters,1045
task,265
kept,106
center,239
older,746
changes,1036
youre,1209
well,974
spent,71
server,1107
without,1013
thought,164
person,578
costs,197
solve,624
components,1130
english,996
very,1104
modem,241
drawing,156
latest,321
restore,64
less,401
being,589
money,0
laptop,346
hands,1173
starting,893
rest,1069
select,897
tasks,635
identify,1106
thanks,416
file,527
using,570
reviewer,436
yes,512
speed,544
yet,1049
previous,492
adding,942
cut,180
application,665
thinking,269
practice,1067
navigator,818
boot,1099
seems,556
except,333
capabilities,675
rebate,344
source,423
lets,875
interested,968
projects,1020
easy,1001
quick,1005
functionality,771
save,171
advanced,1063
match,1114
gave,108
real,551
book,987
customers,73
around,902
format,418
read,410
big,289
couple,978
intuit,17
early,1216
game,1105
five,1081
know,656
background,577
immediately,301
bit,940
disappointed,253
color,1019
helpful,884
insert,862
necessary,907
d,863
lost,276
cool,957
disks,981
manual,756
zoom,682
theyre,184
specific,1202
continue,199
steps,1109
either,277
sql,1108
lose,471
anti,59
security,74
works,959
love,1112
because,248
old,1122
often,590
deal,853
sequence,903
absolutely,191
linux,1115
arrived,1188
begin,722
library,707
50,830
certain,929
added,585
palm,500
complete,927
images,964
unless,230
little,910
5,842
tutorial,616
confusing,565
happens,553
provided,1094
friend,1164
learn,1023
bottom,160
drop,1065
avoid,42
though,486
chess,1123
thank,1168
per,128
everything,1058
does,169
unit,890
provides,1087
run,204
power,911
seconds,300
marketing,185
writing,735
burn,170
step,948
although,800
become,1042
includes,711
usb,894
plug,847
stone,56
ok,408
anything,112
package,567
dollars,80
months,129
favorite,1074
virus,120
shipping,516
compatible,113
watch,1088
range,934
plus,600
act,438
desktop,426
mean,854
os,1133
processor,395
road,611
software,15
seeing,406
outlook,537
contains,986
whats,475
letter,526
burning,855
keeps,1182
image,679
within,1032
definitely,1159
due,262
down,459
complaints,846
doesnt,159
accounts,41
roads,744
actually,532
lesson,458
impressed,1057
additional,813
spam,327
spending,441
transfer,61
constantly,638
question,467
long,758
pages,753
editor,1077
stuck,305
low,396
stars,820
series,923
forward,1214
happy,1151
files,329
media,718
head,1189
interest,425
form,311
offer,439
something,607
brand,284
memory,1026
properly,157
link,375
newer,672
line,201
trying,98
true,460
bug,122
buying,97
faster,1060
info,521
made,451
corel,1136
intuitive,609
versions,186
whether,694
wish,328
sounds,683
access,828
smooth,1025
tell,523
record,236
minor,644
hand,716
export,535
problem,38
piece,114
minutes,228
trips,319
delete,308
detailed,943
gone,119
sometimes,506
ordered,1035
videos,1079
recognize,407
store,473
command,708
dog,563
single,1180
right,666
websites,905
nero,525
accounting,188
plan,1050
quickbooks,376
check,733
fill,472
again,91
vista,480
compared,558
want,1183
variety,769
drivers,424
excel,231
detail,684
40,520
field,615
build,645
setting,664
nav,46
digital,1071
test,723
scan,1041
really,776
applications,886
nice,833
poor,25
picture,610
junk,63
elements,1129
star,354
users,400
vocabulary,1066
getting,678
keep,1095
class,1053
felt,477
problems,53
update,31
stay,88
sure,972
drag,1040
important,1181
dos,969
included,713
friends,1124
gets,760
shown,827
opened,445
ago,222
younger,791
studio,536
longer,52
amp,967
98,592
dvd,349
moved,906
required,449
curve,801
daily,149
microsoft,389
2002,181
2003,218
2000,121
2001,548
2006,27
2007,94
2004,50
2005,29
serious,240
2008,965
deluxe,430
resolution,282
original,639
others,752
basically,392
