foul,1
four,32
payoff,1
xandro,33
lord,1
digit,24
dell,11
autoconfigur,1
yellow,3
delv,1
viewabl,1
kasperski,4
disturb,3
scholar,1
showcas,1
cadvanc,1
photomontag,1
hiberant,1
seper,4
second,47
ruthless,1
thunder,1
decre,1
gccprogram,1
ongo,1
widget,5
hero,4
dahl,1
here,48
webgraph,1
dora,1
daht,2
strewn,1
deterior,1
k,9
songwrit,1
lingo,2
fumbl,1
golden,1
brought,11
9x,1
unix,4
topographi,1
stern,1
unit,21
dna,1
spoke,1
overshadow,2
music,43
e3,2
passport,1
catchi,1
until,70
buddi,1
paperwork,1
relat,16
yahoo,4
notic,24
hurt,4
99,12
98,27
exce,1
holi,1
subsitut,1
90,6
hole,4
hold,21
95,26
94,1
97,5
accid,5
accio,1
blade,2
itself,23
rework,1
household,1
virtu,1
infus,1
titanium,8
caution,3
want,233
hog,4
shuffl,1
ilif,3
travel,13
win7,2
classifi,1
how,191
hot,3
playback,6
hop,2
perspect,2
winsock,1
barbra,1
diagram,5
wrong,34
beauti,9
tetri,1
512,2
vicin,1
childhood,3
wind,1
wine,1
feedback,10
manufactu,1
affect,6
vari,4
wrought,1
fit,9
fix,70
narrowest,1
galazi,2
hidden,5
easier,37
lambert,2
procd,2
slate,1
miniseri,4
interrupt,2
blink,1
silver,2
prize,2
arrog,2
debut,2
lockout,1
1750,1
arrow,5
debug,4
softquad,1
whim,2
resum,3
spider,2
array,3
whip,1
rv,3
rw,4
ha,5
mayan,1
re,29
dsl,2
adapt,3
rc,1
98se,4
navig,40
pterosaur,2
nightmar,4
omiss,1
jennif,2
gameplay,8
silent,1
allerg,1
speedi,1
earier,1
sm6,3
sm5,1
atm,3
ati,3
att,1
booksbookmarkscalandersnot,1
unabl,4
1970s,2
confus,24
clariti,1
wast,51
instruct,38
lego,8
evolut,3
signlink,2
master,18
euro,1
listen,13
theleagu,1
wisdom,2
crawl,3
technic,37
expenc,1
trek,4
peril,1
tree,3
project,38
trex,1
runner,1
boston,1
reassur,1
itcrap,1
aforement,3
increment,4
miniatur,2
incompat,5
dozen,3
that,1518
gripe,5
hum,1
inmedi,2
expens,22
simplifi,1
360x240,1
limitless,1
landmark,5
mouth,2
addict,14
letter,39
macbook,4
singer,1
unexplain,1
mainboard,1
professor,4
camp,7
tech,61
rayden,1
scream,4
came,39
marvel,9
bomb,1
ulcer,2
layout,11
heartili,1
menu,30
restaur,5
bust,1
theme,3
busi,69
meni,1
longhorn,1
10great,1
schooler,1
laughlindaytona,1
waaaaaay,1
ceil,1
pocket,3
giggl,1
jaguar,1
withmost,1
patch,20
respond,11
isync,1
blew,2
sofwar,2
fair,22
specialist,1
meg,2
mandatori,1
result,36
respons,30
fail,26
bess,1
best,139
heterogen,1
lauraoth,1
figur,73
score,8
ira,4
men,10
extend,4
posit,16
advertiz,1
toler,3
advertis,22
planner,4
normandi,1
tingl,2
logic,11
garageband,3
countri,8
login,14
adaptec,3
and,3619
assur,2
vain,1
vaio,1
2nd,7
prosoft,1
summat,1
assum,10
matti,2
255,1
101,1
chroma,1
advert,2
much,184
upgad,3
hesit,4
life,27
recomend,2
spit,1
eastern,1
moneyi,1
worker,3
lift,1
child,42
stepdad,1
spin,4
bookstor,2
davi,2
chill,1
intal,1
commerci,4
employ,5
autosketch,1
symmat,1
player,30
hone,1
credit,33
format,61
rebellion,2
thingi,1
split,3
aapna,2
isntal,1
topo,21
memoris,1
tuna,1
tune,4
07i,1
bewar,13
illog,1
gzip,1
unchang,1
ordin,1
previous,39
hah,2
hai,1
hal,1
ham,3
easi,188
had,373
grafic,1
fortran,1
endur,1
falter,1
has,359
hat,5
quirk,1
preserv,2
gameboy,1
xppro,1
shadow,3
measur,5
specif,25
remind,7
bobbl,1
attorney,2
right,92
old,175
ole,1
crowd,3
for,1609
bottom,20
soto,1
thesaraus,1
fox,1
fdisk,2
condit,4
sensibl,1
encoreusa,2
colleg,5
dyin,1
o,17
match,53
son,46
creativ,12
koun,1
wrap,2
sox,1
mbp,2
mbr,4
suffici,3
support,220
nova,8
happi,44
avail,72
spring,1
jane,3
headach,7
cutsean,1
offer,60
armi,1
andross,1
granddaught,2
encarta,1
beech,1
duel,3
depreci,5
vanguard,1
pest,1
palm,15
150,1
153,1
later,35
qif,4
proven,2
irss,1
exist,18
floor,1
actor,2
flood,1
role,26
presum,2
smell,1
roll,4
legitim,3
notif,1
intend,10
panoram,2
devot,2
intens,6
intent,1
polyglossum,3
cillian,1
mghz,1
glass,2
time,435
push,4
osx,9
childr,1
chain,1
oss,1
thinkpad,1
chair,1
ose,3
bewild,1
decid,50
92,1
ver,3
pen,2
decis,6
ven,1
os9,1
exact,37
hemera,1
higgin,1
tear,4
teat,1
professin,1
unsupport,1
team,13
cooki,1
reregist,2
prevent,14
w98se,1
attic,2
sigh,1
compens,2
sign,30
krull,1
unedit,1
headset,9
backwood,1
freaki,1
current,33
osmosi,1
splice,1
address,26
along,29
disservic,1
brilliant,2
checksum,1
worldwid,2
2001absolut,1
love,143
pentium,7
prefer,11
instal,378
bloodi,2
spywar,12
henri,1
newslett,6
lighthous,2
oreilli,1
27000,1
by,288
scope,6
angri,2
afford,6
peopl,74
claus,1
oregon,1
enhanc,12
visual,21
crapwar,1
easiest,5
windowsxp,1
pretend,1
vega,5
whatev,15
problemat,1
recycl,1
233,1
winter,1
fps,1
xhtml,1
spot,2
date,29
such,70
suck,7
data,108
stress,2
ss,12
muzik,1
sp,1
st,3
quadrant,1
_designed_,1
so,567
sa,1
se,2
sd,5
proportionat,1
fansalreadi,1
avid,4
thumb,7
jim,3
hellboy,1
suspicion,1
smarter,3
exot,3
nation,10
ceuslanguag,6
therebi,1
mcaff,1
relabl,1
mcafe,21
plung,1
installxandro,1
revers,1
didi,1
zoomabl,1
separ,15
reverb,1
updat,118
sloooooooowli,1
receipt,2
versail,1
hcx,1
ezcd,1
internet,70
formula,1
million,7
plex,2
grandma,2
soundcard,1
chevi,1
datbas,1
recon,1
recom,1
modest,2
recov,9
router,6
nicknam,1
manufactor,1
oper,56
spoken,2
onc,86
one,442
reopen,2
textual,1
spanish,26
open,65
zonealarm,9
10veri,1
convent,4
gamecub,1
bite,4
lesbian,1
citi,15
2,169
cassett,3
valusoft,2
conveni,3
cite,1
forthcom,1
peachtre,11
dubyuhdubyuhdubyuh,1
starfish,1
shawn,1
suit,47
artifact,1
ashbi,1
floppi,4
boyfriend,1
rival,5
san,1
nicer,2
_themselves_,1
sad,8
alleg,1
say,127
sas,1
turner,1
sap,1
saw,15
sat,5
babysit,1
zoo,1
note,31
unlearn,1
spamprotect,1
take,148
destroy,4
noth,54
printer,16
knew,11
compress,27
abus,1
homepag,1
allevi,1
archi,1
drive,126
badg,1
messier,1
salt,2
villia,1
lotus,2
farston,3
slot,1
slow,47
transact,43
activ,62
estat,1
neato,1
xmp,1
robb,2
seemless,1
inuit,1
outlet,1
flashcard,2
requir,84
perus,1
artist,5
borrow,1
twelv,1
where,79
espa,1
deadlin,3
teeni,1
planet,2
dexter,2
televis,1
ubiquit,1
vender,1
poopi,1
assumpt,2
screen,80
spare,3
uncompat,1
beliv,2
s,37
whimsic,2
mani,154
twin,1
anti,12
3000,2
mapquest,1
supervisor,1
boat,3
pocketpc,1
paranorm,1
hung,1
thousand,14
resolut,9
antivirus,18
haunt,3
bonjour,1
former,6
straighten,2
keyget,1
spotlight,3
ive,151
spookey,1
brow,1
canon,2
convinc,9
bros,1
warehous,1
ascii,1
makeov,2
niceley,1
econom,1
inconsist,6
hideaway,1
cheeri,1
sitespinn,2
frasesyou,1
extern,12
ntsc,1
coursework,1
exceler,1
bigotii,1
dimension,1
summer,3
franklin,1
rest,19
laughabl,1
concentr,4
renden,1
fineread,5
littl,111
instrument,5
52isbn,1
exercis,11
cool3d,1
around,93
aroung,1
rugrat,3
pos,2
dark,7
retract,1
traffic,2
darn,1
perfectdisk,1
world,34
dare,2
slingo,1
60,5
intel,11
stationari,1
manag,62
staroffic,3
muscl,1
satisfactori,1
noob,1
tube,1
definit,40
evolv,1
exit,4
notabl,4
dde,1
refer,33
power,45
waslump,1
standpoint,1
stone,13
ack,1
aci,2
ach,2
luci,1
acr,2
netbook,1
neighbor,1
act,16
industri,12
bond,3
invert,1
effici,9
surviv,2
overpow,1
pivot,3
charli,1
her,83
hes,7
hex,1
hey,7
hed,2
franchis,1
conclud,5
bundl,6
preselect,1
taskbar,5
with,1228
conclus,2
pull,15
tripl,1
dirti,1
rage,1
monopoli,2
site,73
russ,1
darker,3
gone,24
ae,2
ad,49
creat,139
ai,3
certain,26
am,231
an,413
kuch,2
as,709
at,380
aw,12
ay,1
jargon,1
frys,1
googl,12
throguh,1
extract,2
puppi,2
tight,2
collis,1
genuin,1
guidenc,1
org,4
a1,1
vocabulari,12
grownup,1
poweron,1
taxact,1
cpa,1
groom,2
mask,2
cpe,6
groov,1
mimic,1
mass,2
cpu,5
adag,1
sci,1
consider,7
illustr,21
trailsmart,1
merchandis,3
unansw,1
ty,1
tv,9
tt,1
feautur,1
spirit,3
to,4195
tail,1
tm,2
th,1
smile,1
norn,2
introduc,11
ta,1
debit,2
longtim,1
candid,1
emc7,1
strang,3
strand,1
pbs,1
webmast,1
colleagu,1
dinosaur,5
adjust,25
small,49
enterpris,14
quicker,1
plaid,1
sync,4
past,29
pass,12
quicken,67
mohabatain,1
clock,8
espic,1
section,15
delet,20
abbrevi,1
method,22
contrast,1
full,58
thelogocr,1
buyingboth,1
inher,1
recompress,2
legend,1
prior,17
pico,1
hamster,6
pick,24
action,20
via,14
depart,6
vid,1
send,30
unbias,1
select,45
occassion,2
morn,8
6,68
unprofession,2
teen,3
nomar,1
door,11
tester,2
hundr,13
compani,82
cach,1
dreamship,1
turbotax,25
patriarch,1
sent,25
learn,215
grope,1
male,4
prompt,11
scan,28
challeng,34
registr,8
40mph,1
scad,1
accept,14
masculin,1
dress,3
huge,20
dilla,1
simpi,1
simpl,66
upto,1
plant,5
treehous,1
pinnacl,26
referenc,1
variant,1
soundtrack,2
badwhen,1
inquiri,1
plank,2
circumst,3
2253bw,1
nvidia,1
1300,1
freind,1
itd,2
trade,7
paper,22
pane,4
resurg,1
nifti,1
bummer,1
superflu,1
hoop,2
tri,273
sucker,1
gadget,2
stuffsportsveggi,1
troubleshoot,17
userid,1
authent,7
achiev,2
reactiv,2
videostudio,1
found,141
execr,1
status,2
choppi,1
england,2
monoton,1
procedur,9
realli,212
scribe,3
underus,1
massiv,2
lipstick,1
research,13
bubbl,2
ftm,1
netbackup,1
qualifi,2
proxi,2
believ,17
riser,1
director,5
2one,1
struggl,11
w,13
bumper,1
testament,1
thesubject,1
unscrambl,1
1660,1
major,27
purport,2
guam,1
number,71
tangl,1
horribl,7
differ,107
guest,6
disipoint,1
hota,1
illeg,4
psps,1
microsuck,1
gnash,1
relationship,4
200mhz,1
consult,4
bryce,1
rampant,1
reinstal,34
aaa,1
vocal,1
reus,2
reinstat,1
arrang,5
onecolor,1
comput,401
toybox,1
beforehand,2
defect,1
wysiwyg,4
packag,71
blond,1
sell,18
equival,2
spaghetti,1
self,7
also,242
pg32,1
vmware,1
2d,3
play,218
firsthand,1
virus,37
plan,70
16mb,1
modem,14
cover,17
microsoft,166
ugh,3
golf,2
gold,8
celeron,2
stuffit,2
session,9
reput,4
fianc,1
obviousley,1
hesiti,1
seussabc,1
impact,2
ineffect,2
equiti,1
unattend,1
writer,12
solut,34
factor,5
resent,1
mainten,10
banner,1
powerdesk,5
thewebsit,1
synthes,1
bird,1
enemi,3
bilingu,2
nowher,3
emap,1
set,124
creator,12
overwhelm,2
jade,1
startup,4
ps2,1
emac,1
sybas,1
sea,4
overboard,1
analog,2
pd7,4
pd6,1
arrvi,1
pickup,1
restructur,1
nope,1
15th,1
paloalto,4
javascript,1
pirat,1
death,6
dividend,4
cryptic,1
last,63
hyperlink,1
retent,2
beginn,21
pdf,13
whole,25
becam,4
pda,1
load,52
episod,7
ollo,3
bell,4
schedul,16
loan,3
c2000,1
unrealist,1
reccomend,5
church,2
communiti,12
belt,3
worthless,12
devic,28
devis,2
nonexist,1
firm,2
champion,1
fire,8
infect,2
39,1
spectrum,1
fund,5
fritz,8
educ,28
straight,11
budget,20
durat,2
error,66
robin,2
earli,20
pound,2
moth,1
captiv,2
vanish,3
vox,1
chase,3
obsoles,1
decor,1
churn,1
irrelev,2
obsolet,3
mint,1
shorter,2
funni,7
astrophotographi,1
snail,1
adiffer,1
alert,10
walmart,2
climb,1
recent,35
hatcheri,1
iweb,1
eleg,2
person,57
picki,2
elev,3
academ,2
sidebar,1
snappi,1
eager,4
input,7
huey,2
australia,1
transpar,6
intuit,73
quest,7
abound,1
formal,1
75th,1
spini,1
d,14
chorus,1
doolittl,1
encount,9
knowlegd,1
acknowledg,2
crapshoot,1
mooney,1
sampl,8
sight,3
curious,1
mightv,1
broadband,4
disapppoint,1
recognit,11
mummi,3
novelti,1
machin,64
be,664
object,26
bc,1
bh,1
agreement,1
determen,1
prerequisit,1
bs,1
tower,2
materi,9
canning,1
1gb,8
repair,6
primarili,6
irrit,3
into,144
thisll,1
contributor,1
durabl,1
occupi,1
spam,30
submit,14
custom,72
sneaki,3
blueprint,2
poster,1
link,26
atom,1
line,64
mcnalli,1
currat,1
up,359
us,58
ur,2
un,1
ui,1
uh,1
uk,5
quickbook,13
awestruck,1
aerial,1
linspir,2
inkjet,1
obtus,1
chao,1
char,4
chas,1
chat,8
definet,2
phantom,1
intact,1
sunken,1
950,1
invalid,2
codec,3
swirl,1
lucida,1
potion,1
freez,14
bianca,3
unplug,1
ago,52
lane,2
land,2
fighter,5
algorithm,2
age,35
sawyer,1
fresh,4
hello,2
code,41
pfw,2
scratch,11
nonthreaten,1
legal,4
olymp,1
young,18
tomtom,6
cheapi,1
sens,11
quizz,3
deactiv,1
boatload,2
garden,7
disast,4
wipe,8
recip,10
magic,13
harbor,1
inclin,4
fewer,4
race,5
marri,1
rack,1
magix,2
vehicl,2
impli,1
natur,11
affor,1
mishap,1
odi,2
video,108
pour,1
epson,2
odd,5
index,7
nevada,1
proffer,1
openbsd,1
dissapoint,4
modeless,1
funtion,1
led,4
leg,1
suomalainenespa,1
punch,15
let,90
fifteen,2
bridgett,1
great,262
casino,3
technolog,22
schoolhous,1
delorm,3
survey,2
defeat,1
popcorn,2
opinion,22
maker,10
calibr,13
firefox,3
emot,1
disciplin,1
compatibl,1
zip,5
doubl,3
upgrad,160
next,59
process,61
doubt,12
commut,1
rick,1
pencil,3
babi,6
appropi,1
chariti,1
rubbish,2
gambl,2
this,1732
when,380
cumbersom,4
drill,2
worksheet,4
scatter,1
mpeg2,3
bent,2
pawn,2
hostag,1
lock,17
slim,2
high,84
paraphras,2
slip,1
crimin,2
amend,3
comedi,2
uneth,1
gmiterko,1
winmodem,4
singular,1
pandasoft,1
surfac,1
npc,1
notebook,7
seaworld,2
jumpstart,9
blocki,1
packagewil,1
essenti,5
coudnt,1
nanci,58
classi,1
lame,6
robot,1
element,29
issu,85
webroot,3
allot,1
allow,79
wolverin,1
tribe,1
move,62
passion,2
mutt,1
perfect,36
delay,1
chosen,4
hobbi,3
decad,5
therefor,10
2011,1
2010,1
2013,1
overal,40
bat,2
dock,8
snake,1
etrex,2
cage,1
anyth,53
truth,7
beneath,1
subset,1
nullifi,1
activit,4
bump,1
banal,1
variabl,1
matrix,1
contigu,1
reload,3
passstep,3
m2m,1
unprepared,1
shut,17
tempo,1
gamesyou,1
tempt,2
embarrass,1
shortest,1
could,185
put,88
scari,3
length,2
enforc,2
outsid,6
scare,5
coulp,1
veggi,5
softwar,528
blown,3
scene,4
shambl,1
kpd4,3
owner,5
hangersin,1
los,2
licens,14
system,190
norton,70
unbeat,1
spaceship,1
stomach,1
accompani,3
anybodi,4
catz,1
bother,18
steep,3
steer,3
imho,1
counter,3
terribl,14
viewer,3
partnership,1
loulou,1
liner,1
outhous,1
speller,1
depict,3
messeng,1
accuraci,6
pctv,1
milli,1
seagat,1
korean,1
soap,10
unaccept,3
calculus,1
02,2
fidel,5
oracl,2
segment,3
placement,1
face,8
labtop,1
fact,47
nutrit,1
bring,19
bedroom,1
rough,3
trivial,1
redirect,1
nois,4
purchs,1
movi,59
should,123
jan,1
emptor,2
tape,10
intrigu,1
swedishexplanatori,1
sylvia,1
softwaremi,1
flinch,1
hope,63
meant,5
satisfact,2
familiar,10
autom,15
malmstrom,1
eaerlier,1
lucki,5
smash,1
h,6
summon,4
stuff,25
attackin,1
attribut,14
btw,3
frame,14
temporarili,2
stack,1
goddard,1
2005it,1
superhero,2
outtak,1
quickest,2
destini,1
thougth,1
youll,48
email,81
windowseven,1
misloc,1
dislik,1
undoubt,1
lawsuit,1
timestrech,1
drum,11
extens,11
ramp,1
etc,72
10oh,1
cj,8
co,7
cc,1
ca,1
cd,166
carbon,1
cs,3
cr,1
beastmast,1
againthank,1
200kbps,1
quotat,1
cinema,1
obstacl,1
insuffici,1
immedi,15
adob,46
deliber,1
accident,1
togeth,22
ador,1
atlanta,1
laser,3
cvs,2
mojav,1
decept,4
intranet,1
ultra,1
imagemak,2
va,1
vb,1
purchas,144
vd,1
ripe,1
vm,1
vr,2
archiv,5
vt,1
vx,1
incom,3
ransom,1
headfirst,1
grapic,2
terrorist,1
dab,1
russel,1
competit,9
ball,5
peic,1
expans,1
carosuel,1
upon,12
coffe,3
strateg,1
v1,1
v3,4
v5,1
v6,1
v9,1
expand,10
audit,4
off,94
colour,1
idiot,2
exampl,42
command,12
350,2
ofx,3
audio,30
facilit,2
newest,5
paus,3
less,50
glut,1
paul,1
glue,1
web,81
generous,2
wee,1
wed,2
windvd,3
priorit,1
spinner,3
bibliographi,2
systemwork,14
crack,4
compet,5
webpag,3
emedia,1
crux,1
five,37
magnifi,4
desk,5
password,10
resid,5
mhi,1
corpor,2
stagger,2
mhz,6
polit,2
vss,1
captur,17
orfographi,1
macromedia,9
sinbad,1
transport,2
feder,5
abilti,1
avoid,16
blurri,1
legato,1
yellowston,1
duplic,3
1920x1080,1
troncard,1
preload,1
putt,12
vs9,1
manti,1
stage,6
sister,3
documentari,2
mappoint,1
theyr,14
theyv,10
societi,1
assess,2
luna,1
theyd,3
mere,4
merg,4
muck,1
systweak,1
yrs,1
deliveri,4
agian,1
720x480,1
count,9
smooth,14
streisand,1
tini,1
monument,1
3dha,2
otherwis,23
problem,248
ty2006,1
irish,1
horticulturist,1
overviewth,1
novemb,1
inn,3
scholast,1
retrospect,1
nonetheless,1
preinstal,2
backgroundsframesveggietal,1
lookup,1
varieti,19
quartz,1
monday,2
oriet,1
ghost,20
kanji,1
endgam,1
syllabl,1
abbyy,3
pension,1
rural,2
rep,1
sincer,1
nurseri,2
profici,4
saver,8
jerusalm,2
mansion,1
oldest,3
defraud,1
intervideo,2
bike,1
sped,1
worth,71
lack,26
distort,1
whisl,1
fafnir,1
pinch,1
upload,10
handout,1
gaelic,4
dictionariesdeutsch,1
red,12
299,1
cardmi,1
phonet,3
consequ,1
hors,19
7th,1
chem,6
panda,3
mpeg,5
amus,4
near,18
toll,5
memorex,1
topolog,1
told,38
crunch,5
pleasur,1
daughter,39
spysweep,4
studi,8
glu,2
gesticul,1
unwieldi,1
invas,2
attitud,2
hindsight,1
total,31
polytechn,1
bookkeep,3
plot,9
insult,4
greedi,1
cano,1
theatr,1
haha,1
award,6
40gb,1
1990,1
word,172
insignific,1
err,1
restor,37
1999,4
1998,1
work,497
worm,1
worn,3
tng,1
wors,19
era,2
novic,10
india,2
exquisit,1
aaaa,1
esther,2
keypress,1
exept,1
acut,1
sever,87
rewind,1
interview,9
disappoint,47
beach,3
rebat,20
recogn,22
chines,6
after,225
lab,10
simmpl,1
lay,3
law,8
lap,1
demonstr,3
fxpad,1
domin,4
greet,18
greek,1
ical,2
green,5
worst,30
order,64
greed,1
salon,1
devote,1
diagnos,2
offici,3
typewrit,2
japan,1
flexibl,9
ticket,3
offic,108
belittl,1
versus,1
then,207
them,213
fragment,3
safe,5
jackboot,1
break,12
band,2
bang,6
they,514
bank,15
tendenc,1
oxygen,1
xfree,1
l,3
naysay,1
rocki,1
hardback,2
logo,1
slew,3
xandrosi,1
network,34
vandal,1
cddb,1
forth,8
forti,2
standard,26
screenblast,10
crandal,1
fring,1
frind,1
copycatx,1
lousi,2
maniac,1
angl,1
flawless,7
renew,13
render,14
independ,1
comic,19
adwar,6
nomin,2
4535,1
dogz,2
autorun,2
ysst2,1
john,1
swapfil,1
cereal,1
happili,3
licenc,1
toronto,1
242kb,1
target,8
provid,80
hike,6
rate,40
ebay,1
iron,2
minut,67
minus,3
manditori,1
truffl,1
manner,10
reali,1
strength,4
businsess,1
recreat,4
terrif,5
latter,1
hamper,1
wouldhappen,1
germani,4
sue,1
lexic,1
programm,8
addtion,1
proverb,1
chkdisk,1
excus,5
bonni,1
d8,1
protocol,3
toast,11
consolid,2
helpdesk,1
layman,1
hrs,1
indepth,1
do,441
dj,1
nasti,3
de,1
dc,1
watson,1
dz,1
dv,5
recalcul,1
dr,3
ds,1
dns,4
emc,2
rung,1
septemb,1
steal,1
steam,1
inconvient,1
reread,1
w2,3
optimum,1
lovabl,1
awar,7
away,44
categoriesthi,1
rewir,1
awak,1
drawn,2
mutius,1
inton,1
we,181
handful,1
cardsinvatationspost,1
autofil,1
wp,2
kitchen,3
cop,1
cos,1
duffer,1
howev,109
bolt,1
coa,1
1smileycat,1
com,20
con,3
tone,5
spear,2
wider,1
guid,16
speak,36
reveng,1
convolut,1
acuiti,1
revenu,4
unbeleiv,1
subscrib,7
scarecrow,1
lockup,4
sabotag,1
ident,1
gnu,1
aiw,1
properti,14
air,3
aim,2
aio,1
abrupt,2
thrash,1
aid,3
clip001,1
stink,5
printabl,2
gigabit,3
harddriv,4
sticker,1
hebrew,5
aggriv,1
descent,1
perform,109
descend,1
synch,4
mcse,2
jerri,1
wheel,6
galact,1
raid,2
fuss,1
evid,3
hang,12
evil,3
hand,44
norwegian,4
rais,4
nis,20
nip,1
nit,1
vermont,1
kept,16
scenario,4
ths,1
taint,1
thq,2
options,6
tho,3
client,11
the,6263
tha,1
photobooth,1
photo,61
elabor,1
nuvi,4
farther,1
victim,2
minsthi,1
ushakov,1
poser,13
yamaha,1
colorimet,2
haveto,1
spread,1
board,14
zillion,1
plasma,3
maya,1
quicktim,1
mayb,42
lcd,3
leagu,4
riddl,1
filenam,1
cooler,1
thosenumb,1
night,19
340mb,1
100best,1
negat,14
percentag,3
born,3
bore,14
humor,3
existenti,1
overcom,1
peek,1
pose,1
manyross,1
spyfox,5
phew,1
peer,1
post,20
peev,1
chaff,1
trophi,2
horizon,1
geforc,1
miracul,1
crouch,1
bounc,4
carpal,2
profession,51
bound,1
curios,1
opportun,7
adobegoal,1
quirki,1
frill,1
fight,11
way,191
1970,1
wav,4
wat,1
was,796
war,8
lowest,4
codemast,1
somehow,8
converst,1
true,24
reset,4
2210,1
inquir,2
maximum,3
crystal,1
inaccur,4
reven,1
complaint,13
absenc,3
retir,3
alongsid,2
abstract,2
postscript,1
mold,1
maill,1
encrypt,4
mire,1
test,26
shrink,13
realiti,2
spamwar,3
bugwar,1
celareon,1
notepad,4
outdat,2
pefect,1
loyal,4
concept,18
consum,16
supplement,3
subcompon,2
middl,9
zone,11
graph,2
flash,9
rhythm,1
terror,1
brown,1
excalibur,2
vegat,1
uml,3
octob,2
blast,6
brows,4
kirtypirti,1
timeslip,1
administr,27
gui,4
reconcil,1
gum,1
p,12
soooo,3
q,1
gut,1
foramen,1
guy,14
upper,1
gorilla,1
regret,4
photodelux,6
desguis,1
bravo,1
hth,1
everytim,6
grump,1
cost,51
helpless,1
appear,40
eliza,1
focker,1
appeal,2
caveat,3
unauthor,1
satisfi,18
goldfish,1
teacher,7
buck,10
yast2,1
trial,27
behav,1
triag,1
ubisoft,2
macintosh,4
regardless,5
neoofficej,1
extra,18
marker,2
mobil,3
market,38
been90,1
underpaint,1
prove,5
fairfield,1
live,34
jam,10
suppos,33
club,1
clue,21
graphic,68
ibm,4
wawryszyn,1
car,15
prepar,15
cat,8
can,506
cam,1
cab,2
cad,2
heart,5
chip,3
nemo,1
topic,2
heard,13
occur,6
multipl,33
bankrupt,1
economi,1
write,48
airplanesparti,1
pocus,1
product,505
sp2,6
aol,6
southern,2
divx,3
grandson,1
brussel,1
favorit,27
ghz,9
offend,1
laff,3
benni,1
framemak,3
incorect,1
approv,2
ledger,1
brain,4
thinner,1
cold,2
still,171
photographi,5
dynam,3
rosetta,10
willow,1
window,298
raxco,2
norway,1
windoz,2
nol,1
non,24
recal,1
halt,1
francoi,1
nod,1
contriv,1
nof,2
aesthet,1
half,25
not,899
nov,2
now,229
discuss,3
nor,11
introduct,11
wont,58
drop,31
phonic,1
magazin,9
januari,2
courag,1
em,2
kano,1
en,1
citat,5
replac,28
yeah,3
kana,1
armada,2
year,288
okay,15
happen,43
es,1
er,1
album,10
shown,13
accomplish,9
space,35
fargo,1
ironi,1
mascara,1
homecinema,1
argu,2
cart,3
quark,2
cari,1
marina,1
card,97
care,35
couldn,1
unwil,1
1994,1
british,2
honest,13
archibald,1
snear,1
profess,3
couldv,1
blind,1
xn,13
626,1
xl,1
cpus,1
yourself,31
xs,3
xp,167
tomorrow,1
xt,2
size,28
professional2,1
sheet,3
christma,9
caught,2
breed,8
checker,3
breez,1
carousel,2
ikki,2
friend,80
ladyhawk,1
especi,42
peck,3
than,222
earthlink,1
seuss,2
lucrat,1
recruit,1
optimist,1
browser,9
angel,1
premier,11
anywher,9
slap,1
deliv,9
uncomplet,1
journi,1
engin,20
cavemen,2
veteran,1
satellit,2
9you,1
begin,28
paypal,1
forg,1
price,85
roxio,33
america,7
hotfix,1
renam,5
rescu,4
dream,6
inord,1
meanwhil,2
crossov,4
tableless,1
german,5
scoreboard,1
geographi,1
handwrit,1
fifth,1
ground,5
aint,5
onli,267
ratio,1
stair,1
moneti,1
wasnot,2
filmextol,1
sierra,2
stain,1
overwritten,1
cannon,1
cannot,53
progress,15
roadster,2
truli,20
configuraton,1
catagori,3
seldom,2
shilid,1
husband,8
ennunci,1
hell,3
sport,2
0pro,3
antispywar,1
concern,7
3,173
between,27
mandarin,7
import,58
badbut,1
outworld,1
episodesth,1
blame,2
cakewalk,5
pertain,1
tutori,14
camcord,6
cranium,1
bluechart,1
iolo,2
damag,4
resort,5
rebuild,3
invers,1
legit,1
petit,1
rube,1
emphas,1
pinyin,3
aero,1
emphat,1
betcha,1
countless,2
thesi,1
these,120
stereotyp,1
trick,5
argonaut,1
suse,16
zenith,1
anunsavori,1
worri,11
100th,2
bias,1
eras,7
esteban,2
develop,34
hammi,1
media,24
medic,2
titusvill,2
document,47
sweeper,2
finish,32
webserv,2
closest,1
someon,38
powerquest,5
fruit,1
thrown,1
pervas,2
theater,2
garunte,1
spellingmi,1
taxi,1
staircas,2
harddisk,1
wizerd,1
touch,8
speed,45
aleret,1
europ,10
desktop,41
irrespons,1
real,50
read,142
gonna,2
detract,1
amp,18
psp,6
reap,1
amt,1
rear,1
beggin,1
engross,1
benefit,13
t,8
output,5
humong,2
verbal,1
neglig,1
backgroundspattern,1
moviebox,1
minsmi,1
linmodem,2
wheat,1
asap,1
artif,1
galaga,1
throw,5
comparison,5
central,1
degre,6
journey,2
parson,1
websiteand,1
underwat,1
backup,83
processor,12
outlook,35
youd,4
unregist,1
youv,25
nurs,1
your,605
stare,1
log,19
area,35
ergonom,2
lol,4
start,181
fascin,3
low,18
lot,142
submiss,1
premis,1
groan,1
dsay,1
pitcher,2
trueimag,1
freddi,6
hire,2
fraud,3
default,16
600,5
bestfemal,1
nerv,2
nero,6
pruduc,1
nerd,1
infact,1
antenna,1
tyrannosaurus,1
braill,1
marketplac,1
brokerag,1
valid,7
you,1758
optionsnetglearn,1
juic,1
poor,34
polar,1
registri,7
60s,1
pear,1
peak,2
60c,1
pooh,1
trekk,1
peac,2
reduc,3
corel,18
inevit,3
skeleton,1
gown,1
messi,1
month,60
mp3,9
capsul,2
oodl,1
articl,6
anitvir,1
1930s,3
wma,4
planplus,2
vers,1
jensen,1
horror,3
verb,1
mechan,11
verg,1
veri,382
funtopia,1
emul,3
smith,2
signingavatar,1
dimens,5
unmark,1
unheard,1
narrat,1
fundamentalslearn,1
casual,1
inert,1
learner,13
consecut,2
rdram,1
excess,2
strong,8
modifi,7
arena,1
ahead,9
amount,28
arent,15
office2004,1
creepi,2
cobbl,1
medicin,1
rossnat,1
intermedi,4
surprisin,1
glitch,9
famili,23
toyz,1
aggress,1
injuri,1
taken,18
basi,9
toggl,2
linden,1
turbo,11
fingerspel,1
m82,1
m81,1
broke,4
ghostsurf,1
quicklook,1
histori,15
vs,5
situt,1
f1,1
templat,31
boycott,1
unreli,1
phrase,17
uncheck,1
anoth,116
bussi,1
spreadsheet,8
menus,18
reject,4
idaho,2
fp,10
idioci,1
fr,1
nightlight,1
rude,3
fx,1
sneak,1
embrac,1
guadalup,1
fi,1
fl,1
fn,1
vintag,2
a,3067
stabil,6
overnight,3
dread,2
hobbit,1
ega,1
egg,6
photoshop,31
help,197
sooo,2
soon,23
held,2
iconand,1
paramet,2
diskett,2
daycar,1
dino,2
somethingstupid,1
finer,1
fool,4
food,6
sentenc,9
ye,1
foot,1
ninja,1
yr,3
loadingcertain,1
powerpc1,1
bless,3
fulli,12
trailer,1
dig,3
accwar,2
neic,1
heavi,3
todd,1
quantum,3
beyond,9
event,7
safeti,2
robert,7
myst,1
publish,40
7,111
ass,1
pun,2
bass,4
labl,1
screenimag,1
reason,58
base,33
asf,3
c_dilla,1
favoret,1
earliest,2
bash,2
asl,4
applict,1
launch,6
veloc,1
revolutionari,2
caption,2
american,11
hangman,1
heartbeat,1
lifetim,1
assign,7
uninterest,1
berlitz,1
miss,24
interwoven,1
station,4
scheme,4
banana,1
adher,1
tivo,7
padsdiariescoloringsphoto,1
grew,2
uncanni,4
rollercoast,1
grey,2
partionmag,1
groceri,2
bridg,3
grea,1
dts,6
toward,7
weapon,3
mickey,2
880,1
wasnt,35
imagin,18
cave,3
scotland,1
lit,1
liu,1
useless,22
liz,1
wate,2
kai,1
eaten,1
alpha,1
clear,30
clean,15
fossa,1
latest,25
blend,3
awesom,18
hyper,2
8250,1
660,1
randi,1
pretti,68
verison,2
hotmail,2
palett,8
nativ,11
strum,1
millenium,2
apppear,1
remot,12
hype,5
x,45
courteous,1
abat,1
delux,17
headeach,1
portrait,1
whatsoev,3
pictures,1
wow,5
grandmoth,1
particip,6
won,4
pagemak,2
roboform,3
broderbund,7
poserpro,1
architect,4
piss,1
unsolicit,1
numer,13
fluentli,1
isol,2
distinguish,1
both,72
trimest,1
forgotten,2
vault,1
deliverabl,1
2004about,1
header,1
atleaset,1
linux,22
batteri,3
cillin,5
forgiv,1
olswedish,1
territori,1
empti,3
damn,1
anthoni,1
invis,2
0001,1
imag,95
jaswant,3
imac,12
deter,1
coordin,1
look,212
canadian,1
btriev,1
rope,1
pace,7
while,106
ought,3
fleet,1
loos,1
loop,11
prolog,1
readi,30
unintuit,1
readm,1
jpg,6
bow,2
slownessok,1
7500s,1
grant,11
kovalenko,1
98061109,1
belong,1
terran,1
grand,3
conflict,8
hallway,2
maneuv,1
tekken,1
goodwil,1
lie,2
optim,3
pluge,1
inflat,1
piec,33
000,10
temporari,2
pse5,3
3gb,1
wyswyg,2
beowulf,1
savvi,2
grind,1
2gb,2
auditor,1
chore,2
chord,3
vietnames,2
administ,14
shortcut,4
soooooo,1
subsequ,2
akin,1
bookmak,1
game,565
wiser,1
lassen,4
characterist,1
activex,1
signal,4
resolv,9
manifest,1
32bit,2
popular,8
wrack,1
urgenc,1
hoolyhootoo,1
creation,15
some,315
trendl,1
conex,1
comptia,8
syndrom,1
chocol,6
id3,1
wasteag,1
rhs,1
akward,1
run,187
rub,1
booklet,1
reoccur,4
pural,1
cadpro4,1
cooooooooooool,1
step,110
subtract,1
resiz,7
shine,2
faith,5
keynot,4
perk,1
ide,5
block,18
iomega,2
within,49
drain,1
ensur,5
studiolanguag,1
everybodi,3
institut,4
wingin,1
fd6,1
himself,5
inept,2
screensav,8
newer,19
russian,10
amateurish,2
specialti,1
info,13
utm,3
similar,31
repres,7
incomplet,4
guarante,9
aggrav,2
cvoic,1
nag,2
pronounc,5
titl,24
beryl,1
nav,6
nat,2
draw,20
natgeo,1
drag,14
supris,2
e,60
dvd,71
depth,3
bribe,1
gt,10
merced,1
gb,9
untangl,1
cognit,5
phenomenon,1
compact,1
wizard,23
shack,4
warpath,1
aris,1
antispam,1
datafil,1
g4,2
tmg,1
wave,2
quattropro,1
trough,2
biafor,1
olaf,1
button,30
michael,2
verdict,1
backgroud,1
za,1
soul,2
jump,20
booth,1
download,115
kerploppus,1
click,74
clich,1
slight,6
cell,4
throguht,1
becom,27
obsolesc,2
vba,1
convers,16
floorplan,2
vacat,5
chang,83
chanc,14
nearest,1
revok,1
win,24
wil,1
wit,1
wiz,1
cloud,2
genesi,2
crap,7
snoop,1
themvista,1
implic,1
camera,23
crab,1
1680x1050,1
panel,3
sphix,1
wayyyi,1
starter,3
retriev,5
perceiv,1
ride,10
supos,1
backoffic,1
userhappyif,1
spyder,1
control,43
comerchi,1
lizard,1
tarbal,1
georg,4
imagereadi,1
desktoptogo,1
framesveggietal,1
circular,1
farc,1
farm,4
famous,3
catti,1
orgini,1
fastest,1
fresno,1
originalityset,1
youngster,2
eeyor,2
pixel,3
handl,17
auto,11
handi,5
literaci,1
front,11
yugi,1
028,2
storyboard,1
somewher,4
photoel,1
slide,18
56k,2
mode,29
masteri,1
chunk,3
rectifi,1
700,2
bluetooth,3
special,21
armor,3
time6,5
reboot,14
suitabl,3
inaccess,1
hardwar,29
wich,1
ricki,1
encrta,1
manipul,5
undo,3
ect,1
advisor,1
princess,4
ingnor,1
unwant,2
ask,51
membership,1
timer,2
keep,85
counterpart,1
keen,1
annoyin,1
mankind,1
christoph,2
qualiti,56
stump,3
gamesclass,1
playlist,3
long,66
deframent,1
attach,6
attack,5
privaci,4
final,67
prone,2
recongn,1
sloooowwwwww,1
travl,1
hassl,4
herself,2
scummvm,1
photograph,4
bloat,3
beg,2
bed,1
shill,1
cartoonish,4
burnng,1
firework,4
dumb,4
bet,4
function,79
unkown,1
goldberg,1
close,33
need,262
border,4
screw,5
tactic,5
truck,2
detector,1
singl,26
textur,1
edriv,1
deploy,8
camper,1
galleri,5
discov,20
arcad,6
arcan,1
awe,2
51,1
stereo,3
urg,1
eject,3
upset,7
inde,4
snapshot,3
fluenz,6
businessman,2
truffula,1
affair,1
5certif,1
indoor,1
anyway,27
tire,6
ngc,1
winner,5
forev,8
virgo,1
256mb,2
fuel,1
discontinu,2
conclusionin,1
120,1
126,1
werent,6
128,5
endless,5
triangl,1
enabl,11
jasc,1
printshop,2
contain,19
tuner,1
grab,3
dpi,1
widow,1
legaci,5
softwareinclud,1
terrain,7
rc1,2
beautifi,1
luv,1
garbl,1
battlestar,1
tend,4
fustrat,1
state,38
neither,6
repackag,1
ken,1
key,42
chipset,2
precious,1
thank,34
parchisi,1
disgruntl,1
career,2
aqua,1
pcpro,1
admit,9
congrat,2
sesam,1
unimpl,1
kowtow,1
quit,62
yay,1
cent,2
quiz,2
willi,2
treat,6
dure,13
xlsx,1
furnitur,2
garmin,37
replic,23
novel,2
harder,12
1513,2
engag,7
demo,10
revis,1
scienc,3
welcom,4
generic,1
parti,14
began,9
folklor,1
anyoth,1
speaker,7
goback,2
windvd8,2
http,4
absorb,3
effect,42
sooner,2
excruci,2
i,3540
well,198
ccontrol,1
distanc,4
mistaken,1
dose,2
distant,1
virtual,24
hoursmicrosoft,1
skill,26
vcrs,2
crocodil,2
warrant,1
kick,10
veggietal,1
sonia,3
sweep,1
266,1
burden,1
loss,8
lost,37
ring,1
roth,1
necessari,32
lose,14
starri,2
page,89
candi,5
therein,2
shed,1
glare,1
brash,1
revert,3
homw,1
leeri,1
repeat,11
shes,2
enviro,1
librari,18
competitor,7
pinpoint,2
overlay,1
broad,2
overlap,2
estim,10
encourag,4
98s,1
journal,4
usag,4
photosuit,2
quarter,1
freedom,3
cleans,1
compil,4
diagon,1
scanner,5
couldnt,32
pointless,3
chandni,1
contruct,1
whom,3
museum,3
downgrad,5
jinx,1
north,1
hr,3
hp,9
ht,1
astro,1
hi,1
gain,10
whistl,3
technician,8
eas,15
highest,1
aurthor,1
eat,5
hd,4
he,85
rumbl,1
dmo,1
cruel,1
limit,37
indefinit,1
solitair,5
display,30
evalu,3
beatl,1
twist,2
conan,1
eom,1
penni,3
onenot,1
contest,2
470,1
futur,18
rememb,25
star,81
liter,7
stay,23
staf,1
nintendo,1
appoint,4
signsdoorknob,1
portion,5
talisa,1
decemb,3
simpson,3
patchaft,1
asian,1
captain,2
annoyingth,1
whose,2
accur,19
aug,1
sorri,12
swat,1
featuresbusi,1
swap,5
kudo,1
appal,1
toysrus,1
intelligym,2
voic,30
vase,1
covert,1
smack,2
govern,4
appar,20
sleek,1
vast,2
cnet,2
cnew,1
vector,1
yack,1
monster,6
even,256
wreck,1
altitud,1
asid,10
transcrib,6
probelm,1
new,258
net,7
asit,1
ever,77
metadata,2
elimin,3
behavior,5
never,121
drew,38
restat,1
met,3
100,25
cardboard,2
interpret,3
galor,1
dri,3
jame,3
permit,2
pack,14
counti,1
aveng,2
hefti,2
instabl,2
byte,1
call,101
typo,2
recommend,146
calc,1
type,77
tell,67
warp,1
warn,12
warm,1
adult,16
wari,1
ware,1
rook,1
room,19
setup,14
roof,2
spec,1
bungalow,1
netobject,1
root,1
give,114
quot,1
polic,1
categorieskid,1
mp3s,1
answer,24
negoti,2
config,1
confid,10
longergl,1
loyalti,1
attempt,18
third,18
maintain,6
ethernet,2
spysoftwar,1
deck,1
ledgercheck,1
keyboard,13
copyright,4
streamlin,5
gentl,1
better,154
persist,1
liveupd,3
prius,1
anim,41
workout,6
promis,27
downright,2
grammat,1
grammar,7
sleepless,1
luca,1
went,61
higher,8
mapsourc,4
side,23
bone,2
luck,9
enorm,1
accuweath,1
taught,9
forgot,2
collector,2
kiew,2
dime,3
crucial,2
content,11
bonus,4
wastold,1
reader,11
sluggish,2
micrososft,1
brochur,4
linear,1
knowledgebas,3
situat,10
redempt,1
backstreet,3
optionsamerican,1
isp,1
ish,1
iso,3
startl,1
iphon,1
pse4,5
loud,8
user,214
storylin,3
malpractic,1
grade,23
msword,1
audigi,1
hook,16
unlik,10
agre,10
acquaint,1
sometim,37
enthral,1
hollywood,2
2year,1
malwar,2
gym,1
obnoxi,1
somewhat,15
hadnt,4
ravin,3
spoiler,2
100gb,2
silli,5
keyword,1
older,47
matter,19
120gb,1
mini,9
moderm,1
essecti,1
modern,6
mind,29
mine,18
ginger,3
seen,22
seem,104
ddhelp,1
seek,2
todler,1
chest,2
chess,9
uncompl,1
crippl,2
phonograph,1
mario,1
regular,14
tradit,2
simplic,3
doo,3
doc,4
alarm,10
m,8
dog,13
doe,167
dos,7
scotch,1
dot,3
visitor,2
probe,1
syntax,2
powerpuff,1
despit,12
acquir,4
despis,1
explain,15
turncoat,1
about,260
folder,17
inventor,3
blur,1
stop,36
gbyte,1
earn,7
bar,10
bay,1
bag,3
bad,72
ban,2
attest,2
rington,1
proteus,1
armageddon,1
subject,3
brazil,1
03,1
00,18
said,62
07,2
04,2
08,2
09,1
tantamount,1
invalu,1
simplest,1
seach,1
hiroyki,1
petz,4
warrior,1
dv1130us,1
lodg,1
physicist,1
lazi,1
cousin,1
weari,1
eyedropp,1
against,13
0g,1
transiton,1
typist,2
nilli,1
entourag,2
20s,1
height,1
inferiorproduct,1
reciev,2
accustom,1
sam,2
multiplay,2
three,53
trigger,1
interest,49
basic,78
idol,2
threw,1
grmn,1
rossfan,1
dismiss,1
sooooo,1
cdrom,1
deepen,1
ugli,8
tank,5
suppost,1
servic,62
sll,1
calcul,10
neat,7
occas,2
anchor,1
spawn,1
ix,1
seven,7
iq,1
ip,1
is,2052
ir,4
it,3027
iv,2
ii,3
shame,6
cant,113
frontpag,10
im,204
in,1339
farsi,1
ie,5
id,41
disappear,10
if,595
grown,2
mapsend,1
belli,2
receiv,49
make,261
80s,3
elli,1
i5,1
kit,8
delight,4
aka,1
kid,88
romp,1
inherit,2
endif,1
802,1
800,4
left,40
yeh,1
agon,1
identifi,98
just,412
nowaday,1
psych,1
10awsom,1
human,8
yep,2
yes,14
yet,53
languag,44
defrag,13
royal,4
save,99
opt,1
applic,83
vanessa,1
macdriv,3
background,17
borderless,2
illiter,1
shoulder,1
kaza,1
manual,63
10year,1
unnecessari,2
www,8
deal,29
interv,1
deaf,6
maxim,3
dead,4
intern,6
wwf,1
dear,1
localhost,1
bure,1
creatur,2
bold,9
uncompress,2
insecur,2
burn,38
buri,1
sift,2
promot,1
keeper,2
htpc,1
super,7
highway,1
dilig,1
meow,1
simul,4
afternoon,1
commit,1
telephon,1
boblarryjunior,1
down,87
bannersgrowth,1
1990s,2
nighttim,1
editor,16
fraction,2
fork,3
navoig,1
form,35
forc,24
batman,1
hephaestus,2
surveil,2
analyst,1
25th,2
pavilion,3
glitchi,2
angst,1
tucson,2
cardsin,1
homesit,1
bootabl,2
qwerti,1
featur,195
classic,12
toss,1
sale,11
diagnost,1
ship,34
magellan,4
tose,2
vista,74
interst,2
wp2002,3
excel,90
intanc,1
communic,6
unlimit,3
frezz,1
matur,1
felt,14
fell,2
weekend,2
billion,5
femal,5
furthermor,2
potato,1
metroguid,1
ignor,12
teeth,2
daili,9
befriend,1
skip,3
multilingu,1
invent,3
laura,1
mild,2
mile,7
skim,1
skin,5
primer,4
ulead,8
depend,12
father,4
0,155
me,394
string,1
pathologist,1
1995,1
wore,1
1997,4
did,163
die,9
win2k,2
1996,1
bright,6
dic,1
item,46
theorgan,1
diy,2
techsupport,2
div,1
round,5
1120,1
asham,3
parall,1
313,1
filler,1
cnfgsvr,1
suspect,14
divdend,1
nuanc,4
guardian,1
makeup,3
french,9
decipher,1
coincid,1
waiv,1
wait,47
box,55
boy,14
china,2
insal,1
invit,5
shift,3
shooter,1
extrem,37
bob,5
bog,1
elect,2
modul,6
kayak,3
pera,1
divawanda,1
sake,3
saddl,1
univers,13
visit,11
connector,1
visio,2
lorenzo,1
oftentim,1
thru,2
catorgori,1
failstep,1
curriculum,8
rigid,1
indic,6
examin,2
effort,12
ntild,2
wouldnt,25
uniqu,4
fli,7
soup,2
9th,1
claim,21
favourit,3
fabul,1
predict,1
basebal,2
agent,5
crazi,11
agenc,2
orgin,2
ping,5
till,6
purg,2
pure,1
nyc,3
map,114
mas,1
intrud,4
may,87
max,2
usabl,4
intrus,1
mac,143
mad,5
mag,1
grow,5
man,14
6th,2
tale,2
switch,31
jail,1
talk,38
cute,4
gradual,3
graduat,1
pitch,1
iptc,1
equip,3
entitl,2
shaki,1
pointer,2
group,16
monitor,39
hiragana,1
polici,7
mail,57
main,26
guarente,1
brainer,2
recoveri,7
syke,5
prime,1
financi,10
killer,3
initi,16
lunch,1
safari,2
verifi,3
potatoguy,1
possess,2
oliv,1
maxwel,1
rock,13
redraw,1
xls,1
continu,43
unlock,4
girl,21
canada,2
announc,1
jackson,1
3rd,8
dutch,1
correct,55
earlier,21
goto,1
california,2
romant,2
2cdrom,1
cough,2
funki,1
frequenc,4
cecoffey,1
thing,169
standbi,6
principl,4
think,138
frequent,18
first,189
kernel,3
carri,10
cheesi,2
crib,2
fast,55
oppos,6
workaround,2
1x,1
averag,9
1g,2
penelop,1
1k,1
roseann,1
mermaid,1
winxp,6
deafen,1
11,16
10,90
13,4
12,19
15,18
14,5
17,8
16,6
19,1
18,4
gotta,4
ventura,9
were,174
yalli,3
3900,1
creatacard,6
residu,1
larri,3
katakana,1
squar,6
advic,11
daredevil,1
advis,11
bailey,1
funniest,1
channel,1
200,7
pain,15
trace,4
normal,21
track,72
paid,21
exclus,2
beta,13
pair,2
leapord,2
ttys0,1
pathet,4
privilag,1
badler,1
cubas,3
shop,16
curley,1
shot,5
shou,1
show,69
enumer,1
corney,1
genealogist,1
threshold,1
corner,6
label,21
enthusiast,2
fenc,2
behind,12
dull,1
black,9
enthusiasm,1
ger,1
uderstand,1
get,528
orang,1
stomp,2
2mb,1
gee,1
geo,1
sideway,3
headphon,1
optionsus,6
infogram,1
stupid,13
summari,5
trilog,3
seat,5
seal,3
calendar,6
wonder,43
infinit,2
innov,3
ornament,1
forecast,2
enough,58
gaga,1
vanna,3
updatenot,1
across,7
speeddisk,1
august,3
parent,10
jr,2
js,1
supplisepuzzlesmazesstickersconnect,1
jd,1
tub,1
lopez,1
improb,1
audienc,9
improv,63
among,3
acceler,1
whaaaaaat,1
cancel,2
excitit,1
ultim,5
marc,1
mark,11
sonya,1
rancher,1
certifi,3
edsel,1
bmp,2
wake,1
bmw,1
parrish,2
those,56
sound,58
hoursceu,1
hdd,1
outcom,2
1100,1
kindergarden,1
advantag,8
destin,10
cluster,2
sudden,8
myob,1
everyday,4
par,1
doctor,4
pay,47
tour,7
same,104
speech,7
pal,2
pan,5
exhaust,1
oil,2
assist,20
companion,4
capabl,22
inbetween,1
appropri,9
markus,1
parodi,1
contrapt,6
execut,6
money,163
osxish,1
aspect,9
flavor,3
comeon,1
autocad,1
backround,1
pile,1
4,129
pill,1
outwher,1
previewbi,1
temperatur,1
grid,3
mom,9
christina,1
easliy,1
server,120
nose,3
hallelujah,1
kernelsourc,1
freezup,1
fulfil,2
cabl,14
doll,1
titan,1
ascend,1
audiencethi,6
adequ,4
dolt,1
gross,2
confirm,2
knife,1
slueth,1
broker,1
tonka,3
broken,4
nermal,1
cornerston,1
manufacturer,1
845,1
coverflow,1
island,5
road,25
checkup,1
dagger,1
coupon,1
terminolog,2
strip,1
smartloop,1
madden,3
overwrit,1
compliant,4
workshop,2
tycoon,2
sacrificin,1
powermac,2
gore,1
gorg,1
gori,1
buggi,12
esqu,1
goro,2
ludicr,2
possibl,38
clunkier,1
vhs,2
monstervill,1
unusu,2
svg,1
matieri,3
deep,2
fellow,2
deem,2
file,174
cultur,2
proport,2
film,9
fill,16
tedious,3
again,97
hybrid,1
workday,1
field,18
cleanup,2
hibern,3
architectur,5
sequenc,20
chris,3
downfal,1
descript,19
u,11
castl,4
alright,1
winzip,1
psychic,1
represent,1
forget,19
dollar,25
emili,3
diskeep,4
atlant,1
children,37
applicationenhanc,1
hideous,2
premium,5
straightforward,8
completley,1
powerbook,1
kaiba,1
util,21
fall,7
bottleneck,1
alien,7
dictaphon,1
diffuculi,1
flyover,1
donovan,1
virtualmechan,1
pterodactyl,2
neighborhood,2
go,269
zero,9
disapoint,4
lawyer,1
further,12
ribbon,2
excit,17
dial,5
abc,4
abd,1
microphon,8
skeptic,2
abl,117
public,11
movement,1
variat,3
sophist,8
ranger,1
gigahertz,1
valu,26
search,41
milki,2
smtp,1
airport,2
narrow,2
cadsoft,2
primit,1
transit,10
readili,1
scansoft,3
establish,6
memor,5
eye,11
japases,1
distinct,5
hd128,1
convini,1
tackl,1
two,115
voyetra,2
diamond,2
desir,3
mozilla,3
ital,2
particular,25
magnific,1
town,10
dictat,14
none,18
hour,139
hous,13
magnif,1
remain,11
paragraph,9
atari,1
abandon,2
12year,1
def,2
shark,3
share,16
g5,3
minimum,7
attain,1
explor,21
explos,5
sharp,2
awkward,5
doubletre,1
comfort,5
becuas,4
needl,1
css,3
csr,1
hardcopi,1
dragon,13
mislead,4
bradi,1
ensembl,2
cs1,4
cs3,6
cs2,6
rotat,4
fantasi,3
setback,1
through,118
techninc,1
4224,1
suffer,1
24,10
25,7
26,1
20,30
21,4
22,2
23,4
dreamweav,19
28,2
29,6
handheld,4
late,13
pci,1
pad,1
peni,1
good,269
detour,1
carect,1
adventur,15
complain,7
pov,1
pregnant,1
mysteri,23
micro,5
token,1
ximian,2
reminisc,2
idem,1
harm,4
mental,2
fish,9
timelin,2
toooooo,1
connect,37
fist,2
energi,1
orient,6
harp,1
flower,1
suprem,1
childish,2
princ,1
perri,2
print,94
difficulti,17
wordkeep,1
suspici,3
committ,1
compatibiltiy,1
iphoto,7
workstat,2
directcd,1
optionscomparison,1
perman,1
taho,1
oddballz,6
radeon,2
dont,244
someday,2
exchang,4
exaxt,1
barbarian,1
dissatisfi,3
done,60
campground,2
stabl,22
linksi,1
5th,3
smoother,2
construct,6
paint,13
180,4
186,1
statement,5
twenti,3
park,6
pari,2
selector,1
part,71
rogu,2
satisi,1
contrari,1
gotten,19
skippi,1
866,1
youth,1
macro,2
consol,7
mountain,5
built,21
troublesom,1
couch,2
onset,1
build,28
distribut,14
printmast,1
flute,1
chart,5
compl,1
most,150
charm,3
photodraw,7
charg,20
order1,1
askold,1
unexplor,1
sector,3
commerc,1
outdoor,1
fine,51
find,150
ibank,1
giant,2
mismanag,1
nervous,2
ruin,2
envelopesletterhaedsgreet,1
8,70
unhappi,3
boulder,1
villian,1
weve,2
unus,7
express,18
cheaper,14
x1400,1
theft,2
jerki,1
restart,20
dantz,1
common,7
printout,1
lion,1
personalissu,1
reserv,3
expert,9
someth,84
burner,5
smallest,1
myriad,1
cutout,1
experi,68
meal,1
altern,10
popup,1
appreci,11
complement,3
mailbox,1
infam,2
popul,3
subtitl,7
annual,3
alon,9
grudg,1
foreign,5
alot,12
mean,52
simpli,39
point,62
smother,1
pamphlet,1
shutdown,2
suppli,5
throughout,12
backend,2
platinum,6
thissoftwar,1
dovetail,1
creata,1
secret,11
ireland,3
reformat,10
endnot,5
gas,1
convert,20
unnecessarili,1
gap,2
gal,1
understand,49
repetit,2
35mb,1
shone,1
trojan,3
ignit,1
solid,7
bill,9
prodotto,1
litig,1
fun,105
everyon,27
postersin,1
propan,1
centr,2
astound,2
shoddi,2
centuri,1
requirementsprocessor,1
acher,1
itali,1
flurri,1
leopard,12
yesterday,2
sys,1
moment,2
injector,2
constrictedplot,1
notecard,1
luxuri,2
sumo,1
task,51
entri,12
chemistri,2
spent,24
y,1
tast,2
spend,50
iffi,1
explan,7
obscur,2
shape,6
thorough,10
cut,23
cup,1
danger,5
cuz,2
forbid,1
cue,3
graphic_app,1
snap,9
cun,2
approxim,4
bin,1
bio,1
trueli,1
msconfig,1
big,67
judgement,2
redeem,2
explorist,3
bit,58
knock,2
semi,1
loyalist,1
foolish,1
often,37
30s,1
back,181
ah,1
martial,2
strongest,1
mirror,1
4200,1
bullit,1
scale,11
culprit,4
pet,4
per,8
substitut,3
mathemat,1
larg,31
reproduc,2
either,46
ladder,1
patient,1
turbotaxthan,1
300,7
2ghz,1
patienc,4
oem,5
from,502
constraint,1
preclud,2
britannica,1
drama,1
disclosur,1
learningaccreditationnasba,6
pertin,1
pronounci,1
nueurotransmitt,1
bankruptci,1
phase,6
jimmi,2
atroci,1
lesson,37
nsw,9
inclus,3
jockey,1
camshaft,1
megabyt,1
errand,1
forwarn,1
handbook,3
includ,109
forward,19
vscpop,1
naturallyspeak,2
bizarro,1
serif,1
lydia,1
translat,6
fay,2
droitist,1
groovi,1
unconscion,1
curv,14
constant,20
metal,1
scarlet,2
curb,1
kombat,1
conniv,1
theyll,9
theyreal,1
200w,1
fisher,1
deserv,4
ntfs,5
2002,26
2003,53
2000,35
2001,15
2006,48
2007,55
2004,17
2005,46
2008,6
2009,1
jason,1
queri,2
wordperfect,3
deinstal,1
literari,1
privat,2
sensit,2
peanut,1
becas,1
blaze,1
fatal,1
queen,1
gamesand,1
stereoscop,2
disclos,1
dessert,1
rhyme,2
mous,25
volum,8
shock,7
geograph,9
havent,36
joey,1
fortun,9
crop,7
syncmast,1
nephew,1
carlo,1
append,1
edison,7
resembl,3
profan,2
m31,1
access,48
wildest,1
addeda,1
deduc,2
3d,25
involv,15
perimet,1
infousa,2
bodi,5
bachelor,1
sink,1
meet,13
sing,2
sinc,140
remark,1
33,3
32,10
31,3
30,30
37,2
36,3
35,5
34,2
implement,7
honor,4
oddbal,3
8v2,1
blizzard,1
foundat,6
presidenti,1
oval,1
tap,1
multitask,2
seamless,5
websit,54
asteroid,1
butler,1
meimei,1
playscen,1
trail,13
train,34
aboutan,1
iii,4
account,83
alik,3
dispo,1
scalabl,1
tunnel,4
procit,1
unreal,2
obvious,14
unread,4
didnt,89
aliv,1
employe,5
reran,1
courseitcap,1
downhil,1
onlin,56
everywher,2
softtwar,1
mundan,1
afe,1
lamp,4
forest,2
stock,10
frag,1
payrol,4
redund,1
philosophi,2
physic,1
pop3,1
guru,1
correspond,2
chief,1
mainfram,1
galaxi,7
webdesign,1
bunch,12
lg,2
movabl,1
lb,1
la,8
lo,2
labor,3
kindergarten,6
lt,2
blatant,1
dad,3
greater,7
bolder,1
dan,1
spell,15
1024x768,1
mention,24
day,122
preschool,6
strive,1
chesster,3
thrill,2
februari,1
scrollbar,1
disregard,2
thwart,1
intellig,4
rex,3
res,1
defend,1
rel,1
stun,3
defens,1
math,12
franc,4
duellist,1
insid,5
workflow,3
winbloz,1
frank,3
charit,1
invad,2
releas,50
afterward,4
indent,1
midi,4
filemak,1
chicken,5
mortal,1
workbook,2
retain,3
retail,9
south,1
sack,1
brute,1
sharewar,3
sacr,2
facil,4
suffic,2
ancient,3
monkey,3
messag,43
wrest,1
gear,3
knowleg,1
langaug,1
udf,1
nobodi,6
morph,1
mbps,1
structur,9
charact,41
ipaq,1
lover,2
fraudul,1
anthropologist,1
have,1175
tidi,1
min,3
mic,2
mid,4
mix,12
22oz,1
mis,2
graviti,1
unless,26
prope,1
firefli,3
eight,6
logitech,1
transcript,1
payment,7
afresh,1
gather,1
request,14
z39,1
occasion,10
hardcor,1
text,41
nnumber,1
empir,1
portfolio,7
texa,1
staff,4
scorpion,2
hyster,1
congratul,2
stv100,1
spice,1
inferior,3
unhelp,4
beat,19
disagre,1
bear,3
lightwav,1
increas,10
veggiesmix,1
ruso,1
organ,16
repercuss,1
integr,25
herinteract,1
elsewer,1
accord,6
apolog,3
malfunct,4
duaghter,1
athlon,1
preown,1
pattern,2
nebula,2
zoombini,3
thumbnail,3
reintal,1
drawsimpl,1
instant,19
plugin,1
joke,13
equal,6
instanc,12
swim,1
freeli,1
glorious,1
aquarium,4
comment,17
guidelin,1
commend,1
laugh,2
arguement,1
postersmovi,1
mjpeg,1
spamkil,2
copier,2
defint,1
vertor,1
tyler,1
electr,3
upbeat,1
upcom,2
glitzi,1
ridden,1
bull,2
general,19
multi,6
bye,3
ap,1
plain,5
widescreen,4
defin,21
ill,25
mhz70,1
johnni,1
almost,57
generat,9
tendin,2
vidio,1
fiddl,1
partner,1
inspector,1
starcraft,2
slammer,1
az,1
9550so,1
japanes,14
mute,1
401k,1
prais,2
subcatagori,1
camino,1
sunburn,1
center,19
nevertheless,3
builder,4
versatil,4
thought,58
choos,41
usual,27
coaster,2
clinic,1
feminin,1
surpass,1
tough,4
systemat,1
thanksgiv,1
lake,3
add,55
adn,1
smart,12
royalti,3
fyi,2
realiz,14
testi,1
realis,2
insert,19
ad2,1
like,429
success,16
unintellig,1
chick,1
soft,2
italian,4
whiney,1
hain,1
hail,1
whiner,1
hair,6
convey,1
proper,29
metrowork,1
happend,1
regain,1
worthi,4
noisi,1
stellar,2
host,8
although,40
dcr,1
simpler,1
flaki,1
actual,73
mahjjonf,1
justic,1
rule,10
fals,2
ansi_nul,1
powerpoint,9
desper,1
winamp,1
unbox,1
guard,1
doesnt,116
awhil,5
leverag,1
1985,1
meeee,1
hardwarethi,1
pictur,68
1989,2
deutschfranai,1
biggest,10
maze,5
importannt,1
buy,206
unexpect,3
560,1
bus,5
brand,16
but,837
buh,1
uninstal,46
bum,1
bug,49
bud,1
wise,2
refin,1
wish,46
j,4
flip,4
rc2,1
spydertv,2
metatool,1
autist,2
pin,6
domino,1
pic,2
pie,1
pig,1
pix,2
pip,1
galaxian,1
campus,1
piv,1
probabl,46
tricki,1
48,4
49,5
46,2
guidanc,2
45,5
detail,42
40,16
85,1
astronomi,3
gcc,2
activesync,1
ubi,1
4d,7
8th,3
hitch,2
sleep,6
hate,24
categori,6
russisch,1
asthet,1
poorest,1
concret,3
tweek,2
under,30
merchant,1
aroud,2
everi,92
risk,7
lurk,1
touchup,1
jack,1
school,25
flashi,2
parrot,1
cederholm,1
verif,2
obsess,1
enjoy,65
throught,1
naiv,2
bloatwar,1
direct,46
nail,1
street,29
4x5,1
ransack,1
blue,14
hide,1
poison,2
conduct,2
mintu,1
disney,2
metamorphosi,1
franaissuomalai,1
jampack,4
studio,41
kicker,1
path,6
forum,16
anymor,12
precis,4
cradl,2
portabl,1
tremend,2
succes,1
maxtor,1
straw,1
ts,2
nduc,6
describ,5
would,364
wormhol,1
nora,3
asset,1
paperport,1
spike,2
preview,7
mush,1
grief,1
phone,44
connecticut,1
mytopo,1
boomer,1
larryboy,2
must,73
shoot,1
join,5
mc,3
mb,10
telescop,3
1000s,1
raid5,1
hearrr,1
raid0,2
ms,51
mr,8
my,1107
mx,4
overrid,2
florida,2
attract,6
acroni,2
end,75
concid,1
concis,2
drummer,1
gate,5
poker,1
elizabeth,1
mess,18
lump,1
befor,124
parallel,13
dongl,1
spous,1
exclud,2
patent,2
emc8,1
environ,10
incorpor,4
enter,47
aloud,1
desigend,1
composit,1
overviewthi,6
over,156
crumbi,1
becaus,192
oven,1
veggiespap,1
imo,1
complex,8
condition,1
fade,7
400,4
comprehens,10
subtot,2
plaster,1
rental,4
choic,34
odbc,3
8ghz,1
each,105
prohibit,1
hanger,1
diana,9
saturday,2
depress,2
nil,1
goe,19
god,6
newli,3
laid,3
millennium,2
reliefin,1
got,134
unimagin,1
gov,2
worthwhil,2
free,88
webboard,4
rain,1
acrobat,7
puzzl,41
filter,17
condyl,1
heck,10
hopeless,3
onto,18
rand,1
rang,18
rank,1
necess,1
rant,1
alreadi,36
fantast,15
primari,5
toy,12
rewritten,1
pabulum,1
top,20
downsid,4
gettng,1
ton,8
too,137
tom,1
gameswhat,1
toe,2
incud,1
defragment,4
incub,3
tool,79
englishtot,7
took,53
kurbatovet,1
western,2
informationfrom,1
critism,1
screenplay,4
rad,1
fashion,6
ran,15
ram,31
raw,3
adhd,1
ibettt,1
aisl,1
seminar,1
1968,1
unresolv,1
1965,1
clunki,3
tsung,1
contact,36
atrocius,1
hatch,2
evangelist,1
plenti,9
though,80
rearrang,1
preset,2
insul,1
alabama,1
glow,2
sorcer,1
flop,1
flow,5
lyle,2
declar,1
freewar,3
saga,3
random,13
dupe,1
radio,3
honost,1
earth,6
reorganizt,1
absolut,29
thiswindow,1
spite,1
configur,47
disgust,3
tropic,1
ocr,4
lightroom,3
oct,3
symant,2
watch,25
geek,2
amazon,57
report,33
deskjet,1
legola,1
changeabl,1
twice,15
habit,1
motherboard,1
nut,2
charect,2
1960s,1
resist,3
corrupt,7
bee,2
expertis,1
databas,82
mug,2
outstand,9
finger,8
approach,7
360,5
weak,7
devour,1
wear,3
news,11
protect,20
acoust,1
fault,4
gamer,5
orth,1
suggest,34
beter,1
trust,15
bingo,1
antihack,1
been,238
accumul,1
redrum,1
craft,3
monstros,1
catch,9
teapot,1
screenwrit,1
n,6
dept,1
dashboard,2
garag,4
tabl,14
livejourn,1
compusa,2
wound,2
drawback,2
complet,113
social,1
portal,1
dylan,1
fusion,5
ocean,3
tuscani,1
greatest,5
mother,3
everyth,79
avanquest,2
laptop,27
torah,2
grader,4
enlighten,1
expos,7
thick,4
conjug,1
5s,2
tring,1
els,34
horsepow,1
gave,39
macgourmet,7
donat,2
burnt,1
rumor,3
apart,3
muchless,1
ditto,1
gift,12
arbitrari,1
55,1
hunt,5
orlando,1
50,18
partion,1
unstabl,8
pogu,1
ywo,1
56,2
envision,1
dishonest,1
excerpt,1
zoom,22
adver,1
mishandl,1
intellect,1
ick,1
cnr,2
icc,1
reinvest,1
10wow,1
ice,2
resinstal,1
cord,1
core,10
fogwar,1
discount,2
corp,1
dalmatian,1
redownload,2
plug,9
playroom,3
steadili,1
surround,5
unfortun,22
dinner,1
plus,39
spybot,2
sept,2
produc,25
unrespons,1
bate,1
froze,2
regist,19
ppi,1
fat32,2
encod,2
bath,2
ppt,3
abel,1
storag,8
frustrat,40
boutiqu,1
transform,9
sunlight,1
gig,5
stuck,10
reli,9
flatter,1
gil,1
head,16
medium,5
amateur,2
satisfactorili,1
altogeth,4
gorgeous,2
unconvinc,1
reccommand,1
wireless,9
heat,1
hear,15
heap,1
eurotalk,2
fundament,5
more,365
trim,2
inordin,1
readiri,2
trip,32
assembl,7
nn,1
no,350
nd,5
tim,1
fujitsu,1
whet,1
tie,2
ns,1
nt,8
tic,2
node,1
kitana,1
benefici,1
scratchi,1
consid,31
sql,112
equidist,1
younger,13
longer,27
bullet,4
vietnam,1
serious,18
backward,8
coach,1
rom,23
celebr,3
rod,1
focus,9
snip,1
signific,14
prescis,1
row,5
unresons,1
prop,2
sourc,22
sequal,1
underpay,1
trident,1
unfamiliar,3
feasibl,1
artwork,4
cook,2
cool,22
vladimir,1
level,71
brother,8
shortcom,2
quick,62
puchas,2
cloudi,1
slower,10
trend,6
dolbi,2
dev,3
bake,2
port,16
chage,1
repli,10
64bit,1
529,1
1236,1
sucki,1
water,6
fluke,2
entertain,12
witch,2
toolbar,5
proud,2
acccept,1
gbmemori,1
thirti,1
healthi,2
weird,1
guilti,1
gamepad,1
tweak,12
uneduc,1
1st,8
smallish,1
manufactur,11
tointegr,1
vivid,1
prek,1
memori,46
yodle,1
msn,2
percept,1
loung,2
prep,2
today,19
chapter,7
capit,5
symantec,38
vmail,1
ventur,2
judi,1
battl,7
dialer,1
dthat,1
inadequ,4
purpos,13
slightest,1
stream,3
critic,8
differenti,4
filegroup,10
1,142
alway,66
anyon,52
fourth,3
occass,1
clone,13
4ti,1
birthday,8
classroom,1
directionali,1
practic,31
liquid,4
secur,61
inform,63
combin,14
refund,25
ofsad,1
blocker,1
buyer,9
quriki,1
auml,2
platform,3
farmer,1
willgiv,1
29pmthis,1
float,1
wmp7,1
term,9
name,80
realist,10
opera,2
clutch,1
namo,1
war02orc,1
realism,2
individu,13
netscap,1
begun,3
distributor,3
didnnt,1
nezzer,1
encor,4
hacker,5
concur,1
profit,1
infrar,2
profil,5
xerxi,1
watfor,1
factori,4
she,93
wouldimprov,1
glimps,1
brett,1
hulk,1
flyer,2
thier,2
yup,2
synchron,1
refus,8
motion,4
turn,68
place,51
suppoos,1
imposs,20
1001,1
1000,1
origin,39
clumsi,2
suspend,2
redhat,3
insist,5
booksstori,1
acct,2
panton,4
given,25
afterthought,1
teenag,2
gif,2
associ,15
credibl,1
assort,3
necessarili,2
white,5
circa,2
hue,1
hub,1
season,5
copi,72
huh,2
specifi,6
holder,1
serv,6
wide,7
nathan,1
r,16
balanc,9
cards,1
seri,58
pre,10
pro,62
ani,189
rent,2
burdensom,1
blunder,1
superman,1
techniqu,10
moreov,1
ideal,1
mandrak,2
surf,4
surg,1
sure,76
clearer,1
800x600,1
icon,19
diskkeep,1
adopt,6
quantiti,2
runtim,2
recipi,1
tke,1
tron,1
cheat,5
multiepisod,2
cheap,14
userhappi,1
troy,1
permiss,13
hack,2
dll,1
itun,7
genius,3
written,18
wood,3
analyz,15
analyt,3
businuess,1
tailor,1
lighter,1
hoyl,3
10omg,1
reveal,4
doabl,1
dramat,1
stanley,1
detect,17
review,156
untrustworthi,1
hiss,1
mtn,1
framesin,1
14945,1
14944,1
14946,1
14941,1
14940,1
14943,1
14942,1
comp,1
71413,1
71410,1
guitar,12
cycl,2
uspto,2
come,122
berri,1
region,7
shortstop,1
quiet,2
contract,1
256,3
pcs,7
feaur,1
color,53
inspir,6
period,13
pop,26
duti,1
63,1
64,10
66,1
69,1
pod,1
poc,1
linenberg,1
coupl,44
howard,1
pend,1
succesful,1
500,8
followup,1
repons,2
bypass,1
tiger,24
diappoint,1
intertwin,1
pilot,4
case,26
myself,35
theapplic,1
spiderman,2
cash,16
cast,5
havesp,1
anytim,2
mousepad,1
clutter,4
8400,1
inspiron,1
author,5
alphabet,8
64mb,1
check,53
html,19
admir,2
eventu,14
week,49
applaud,2
nest,1
raidan,1
driver,19
driven,2
inen,1
footprint,1
cartoon,6
4150,1
articul,1
moder,3
reliev,1
ranch,2
justifi,2
without,102
relief,1
model,18
reward,7
repitit,1
clog,2
violenc,1
tip,7
violent,3
kill,9
blow,3
scenerio,1
samba,1
hint,8
casablanca,1
except,30
blog,2
capabilitiesonc,1
sampler,2
scrapbook,13
ross,5
kingdom,1
perespect,1
kirbi,1
divorc,1
saniti,2
techi,2
401ks,2
cdoe,2
substandard,1
rollov,1
deduct,3
tarot,1
cheeper,1
10cool,1
nutti,1
slice,1
easili,41
slick,8
landscap,2
moon,5
moop,1
unbeliev,1
complic,11
likemedia,1
garbag,5
inspect,1
slowli,6
microcod,1
_,1
on,1063
ol,2
ok,28
oh,19
of,2185
spss,1
kludg,1
stand,7
doze,1
os,74
or,509
routin,6
compos,2
forewarn,2
24000,3
megalpixel,1
there,392
unab,1
strict,3
interfac,72
frazzl,1
valley,2
hard,127
regard,4
amongst,1
idea,29
illus,2
faster,29
grasp,5
5864553050v,1
omnipag,3
taylor,1
spendi,1
frighten,2
intro,3
hoursobjectivesunit,5
encompass,1
mastercook,6
bishop,1
incorrect,5
hasnt,4
fiddley,1
paddl,1
compel,2
5,127
piraci,2
trash,10
abysm,1
ratinggam,1
symbol,5
reccommend,3
doctorlizardo,1
wife,12
directori,4
invest,40
wifi,2
frogilla,1
potenti,11
invoic,13
degrad,2
all,519
laci,1
ale,1
ala,2
disc,26
abil,22
dish,1
follow,52
alt,2
disk,59
alp,1
hmmm,3
dmusic,1
program,653
present,27
1080p,1
fax,1
woman,8
bibbl,1
song,26
far,71
soni,12
faq,6
fat,1
shippment,1
fan,35
failur,4
fab,1
duo2,1
wickford,1
partmak,1
lisp,1
list,68
picasa,1
fluent,1
subscript,14
vanilla,1
flick,2
ten,10
extraordinari,1
tea,1
ameoba,1
biolog,2
pressur,2
design,111
will,417
what,361
sub,4
sun,4
sum,1
brief,2
overload,1
crush,5
version,348
ozon,1
colorvis,1
deepli,1
wham,1
themselv,14
behaviour,1
solari,1
goodby,2
shouldb,1
navag,2
magnitud,2
maby,1
alpin,1
voyag,1
2000s,1
pdfs,1
1900,1
clifford,2
proceed,7
fonda,3
minor,12
imovi,4
flat,4
flaw,14
volumesand,1
prefac,1
horsez,4
stutter,1
flag,2
stick,19
benboo,1
known,17
glad,14
valuabl,2
outlin,7
andannoy,1
leval,1
wrestler,1
v,18
myspac,1
3yr,1
coop,1
cours,60
goal,13
divid,2
rather,23
qb2007,1
qb2006,1
divin,1
qb2003,2
distro,9
shouldnt,9
resourc,26
hassel,1
automatci,1
reflect,6
catalog,4
numb,2
short,27
barbi,1
trevor,1
caus,45
kang,1
shade,3
shadi,1
fruster,1
reform,1
mission,2
isnt,47
scientist,1
vistjav,1
style,25
pray,1
inward,1
wilder,3
abbey,1
riki,1
harmless,2
scot,1
sloppi,1
might,46
alter,2
prodcut,2
return,57
ifndef,1
casio,1
pumatech,1
somebodi,2
wouldv,1
bollywood,1
bigger,8
bestbuy,4
refresh,6
odomet,1
unicod,1
0vr,1
weight,1
needless,3
expeci,1
playstat,3
win98s,1
expect,57
foolproof,1
hill,1
core2duo,1
wisconsin,1
cybersitt,6
advanc,30
friday,2
guess,30
teach,38
crethur,1
lag,2
blister,1
arecomput,1
perhap,20
threat,1
feed,3
notifi,1
thumbdriv,1
feel,65
feet,1
least,46
blank,15
bland,1
fanci,5
script,10
interact,20
tagawa,1
chime,2
gpa,1
taxcut,33
stori,39
storm,1
store,27
gps,56
necklac,1
luckili,4
imperfect,1
option,93
checklist,1
hotel,2
pronunci,6
freebi,1
scoobi,3
shrunken,1
king,7
kind,35
simplist,4
whenev,9
10faint,1
remov,33
kink,1
sunni,1
stall,2
stalk,1
stale,2
danc,3
cleaner,10
atmospher,2
bookwork,2
garfield,11
7s,3
expir,4
dedic,4
remodel,3
wilson,1
sherri,1
violat,1
supercomput,1
wildlif,1
unsur,1
reach,8
react,1
75,3
72,2
70,12
79,1
amaz,29
1040,2
notch,2
stoner,1
ridicul,4
accout,1
rts,1
cds,30
font,8
penalti,1
viagra,2
hip,2
vocab,3
his,35
hit,20
financ,6
b,10
longest,3
him,39
ie8,1
ie7,1
eyetv,1
relentless,2
wrote,12
certif,5
barr,1
art,23
dump,11
certin,1
bare,11
are,684
arg,1
arm,3
fullscreen,2
inconveni,2
various,37
blurb,1
hallmarksoftwar,2
solo,1
bibl,2
hypersign,2
sold,9
sole,2
days2,1
outfit,1
lifelin,1
sininst,1
succeed,2
solv,34
condo,1
disclaim,1
c,20
newgroup,1
license,1
immers,7
autoupd,1
roman,1
context,3
motorcycl,1
cynic,1
quickzoom,1
sweet,2
handprint,1
arbitrarili,3
rave,1
mistak,29
ps,2
java,3
dum,1
pt,1
duo,2
overlook,1
dud,3
due,15
whos,2
pc,95
pg,1
pd,1
pj,1
strategi,11
flight,2
f,4
deamweav,1
slideshow,5
cinch,1
demand,3
instructor,1
therel,2
p3,1
intergr,2
stolen,4
p4,4
frozen,2
batch,3
time42,1
abov,13
yourbusi,1
demon,1
rip,7
frantic,1
rig,2
rid,10
travrout,1
shirt,2
minim,6
itchi,1
naturallymobil,1
lengthi,1
viola,1
9,26
sliver,1
painless,4
wherea,1
wookbook,1
robust,2
tiresom,1
idvd,5
lower,9
windowsa,1
discourag,6
time30,1
searchabl,1
cheep,1
crustat,1
propos,1
mp4s,1
reliant,1
collabor,1
lexus,1
crossfad,2
hd256,1
er_oil_abbr,1
stimul,1
theoret,2
contractor,1
finder,2
10good,2
vendor,8
dvds,19
homeschool,2
textbridg,2
awaken,1
collect,22
arthur,3
renderos,2
hallmark,1
piglet,1
embroil,1
visibl,3
understood,3
litter,1
surpris,16
affili,1
512mb,6
pros,5
seller,5
waveform,1
prod,1
bradberi,1
tinker,3
squeez,2
meantim,5
projector,1
cautious,1
masterpiec,1
infuri,1
tomboy,1
miracl,3
emphasi,3
digraph,1
conquest,1
subvers,2
question,39
amidst,2
ironsid,1
xps,1
filer,2
heartach,2
ingredi,2
cloth,3
exe,2
junior,4
penguin,1
consist,15
autodown,1
lifespan,1
mystifi,1
fica,1
highlight,5
enlarg,2
freak,3
tiniest,1
dismay,3
home,91
lcds,2
spontan,1
rainbow,1
defragg,2
backu,1
nick,1
multiserv,2
nice,44
jurass,1
uppset,1
mcdba,1
scsci,1
elsewher,7
insect,2
happier,1
pyro,2
scroll,7
toldthat,1
edg,7
unev,1
superfici,1
clipart,3
itll,2
fwiw,1
electron,14
relev,6
winshnoz,1
disgrac,1
hairstyl,2
dealt,1
pleas,39
malici,1
smaller,5
judg,1
fold,1
helicopt,3
folk,14
compat,58
compar,35
outsmart,1
barnacl,1
chose,7
firewal,24
miser,1
3com,1
larger,6
typic,5
pajama,1
hardi,2
newbi,3
appli,5
app,19
webmail,1
motor,2
deputi,1
redo,2
ape,1
usg,2
totalwa,1
use,875
fee,10
feb,2
usb,24
usa,7
frog,7
few,99
usp,2
sort,20
grandest,1
clever,8
vulnerabvl,1
8cd,1
verita,1
musician,2
impress,17
sore,1
rabbit,6
women,1
annoy,29
1980s,3
spi,5
unistal,3
irriat,1
proof,2
arlen,2
patrol,1
patron,1
tax,59
tad,2
slove,1
unopen,1
proprietari,4
tab,9
tac,2
serial,6
sis,1
sir,1
7yr,1
sit,12
six,13
sic,4
640x480,2
instead,38
panic,1
wrist,3
attent,10
topograph,2
adata,1
bsod,1
villag,2
light,13
freebsd,1
reastur,1
onmicrosoft,1
elig,2
elia,1
elit,1
130,1
superior,5
wholeheart,2
newsgroup,4
holiday,2
jukebox,2
practicl,1
crash,76
snoopi,1
crass,1
boggl,2
edit,95
trap,2
tray,1
lilac,3
photopaint,1
oud,1
88,1
89,2
our,73
80,3
81,1
out,359
tagin,1
inexperienc,1
vcd,1
incompet,2
starsthi,1
transcend,1
vcr,2
plural,1
sp3,1
ipod,11
8200,1
dictionari,24
8s,1
anyhow,1
cri,6
g,15
4th,2
organis,3
footag,2
indesign,2
sneech,1
subesqu,1
storymak,2
prioriti,2
unknown,4
accent,7
capac,4
their,215
650,1
misunderstood,1
shell,7
shelf,2
juli,4
slider,1
diminish,1
advantur,1
programthos,1
see,132
numbskul,1
indistinct,1
unencrypt,1
clip,12
explicit,2
linker,2
fromturbotax,1
hcfr,1
tuxrac,1
cohes,1
innerfac,1
afraid,2
forgedaboutit,1
diverg,1
rout,23
which,290
trivia,1
divers,2
25000,2
clash,2
who,158
whi,67
multitud,1
class,24
realtor,1
deni,2
vernacular,1
determin,6
inexpens,4
backyard,1
niec,2
feal,2
perfom,1
infavor,1
casamassa,1
utter,5
fear,3
starbas,1
ear,3
locat,22
6000,2
combo,1
piano,6
local,11
spun,2
contribut,8
watercolor,2
mostusedno,1
lossless,1
wallpap,1
colo,1
qb,5
cahm,1
partit,43
overpr,2
highjack,1
view,37
kanga,1
win95,2
win98,7
knowledg,26
troubl,29
gmail,1
closer,1
lojack,1
closet,1
superb,2
favor,5
crude,1
junki,1
bought,139
entic,1
andromeda,2
exam,3
joy,4
eomer,1
job,40
entir,31
spoil,2
swift,1
jon,3
addit,50
creditsceu,5
april,5
audibl,2
grail,1
didact,1
unclear,2
wall,10
arriv,17
walk,21
englund,1
respect,5
decent,14
bbb,1
compon,28
tutor,12
besid,7
hindi,8
mike,4
treasur,4
presenc,1
hmp,3
spammer,3
painter,5
crappi,2
align,1
cursor,2
fingertip,1
wild,2
observ,2
funnist,1
layer,5
customiz,1
thus,6
customis,1
motiv,7
avi,1
dual,9
thug,1
avg,8
pinnicl,1
uniti,1
hocus,1
cross,13
member,7
incd,1
largest,2
inch,2
difficult,54
slave,1
collag,1
student,47
collat,1
gutter,1
composur,1
3dhdv8,1
english,30
undertaken,1
outgrow,1
spywareon,1
systemsuit,1
rocket,2
camel,1
boot,26
usedto,1
obtain,4
metrowerk,1
heavili,2
simultan,1
woderful,1
rapid,2
cdcours,5
panther,1
andaz,1
sky,3
book,68
waypoint,18
nickl,3
ski,2
branch,2
761907,1
minatur,1
know,163
press,7
redesign,7
helpful,1
incred,19
safest,1
caland,2
loser,2
unplay,1
exceed,2
growth,2
export,14
118,1
nonresid,1
lead,10
lean,1
leap,3
leav,14
settl,2
languagetre,1
glacial,1
chartscertificatesplacematsroom,1
investig,3
acronym,1
posterspatchwork,1
rare,11
linger,1
column,2
carrier,2
sweat,1
mbpackagingnew,1
disabl,12
own,105
kinda,6
el,2
owe,2
schwienfurt,1
tag,6
automat,43
warranti,1
brush,4
dunderhead,1
transfer,26
spiral,1
debian,1
appl,38
appk,1
ed,3
cowork,1
redmond,3
shang,1
wrestl,2
made,84
whether,15
samsung,1
distract,3
record,36
below,10
cake,2
pimsleur,2
cmon,1
jewel,1
ez,2
meaningless,1
wordpad,1
workabl,5
mutual,4
immateri,1
simular,1
percent,2
other,337
sick,3
disproportion,1
multilanguag,2
junk,18
openoffic,7
june,1
preform,1
iwork,6
humbl,2
cliff,1
extort,1
experienc,12
scientif,1
reliabl,12
suscirb,1
emerg,3
audiencethes,1
invari,1
