profici,2
saver,1
sleek,1
four,8
captain,2
hate,3
accur,2
sorri,1
swat,1
tweek,2
under,3
sped,1
worth,12
digit,4
everi,13
risk,1
dell,2
jack,1
govern,1
affect,2
vast,1
school,3
prize,1
showcas,1
cederholm,1
upload,5
000,2
red,4
recov,1
enjoy,20
bill,1
seper,2
direct,7
phonet,2
hors,1
street,2
even,32
mpeg,1
hide,1
amus,1
asid,1
transcrib,2
transiton,1
new,40
net,3
ever,3
told,4
crunch,1
elimin,1
hero,1
never,14
jampack,4
drew,5
dora,1
undo,1
path,1
100,2
cardboard,2
daughter,9
k,5
subsitut,1
jame,2
permit,1
aveng,1
imposs,1
maxtor,1
tempt,1
brought,3
attitud,1
instabl,2
total,2
unit,1
plot,2
spoke,1
would,51
wormhol,1
insult,1
music,5
dns,4
recommend,35
granddaught,1
type,17
tell,6
alphabet,2
relat,4
haha,1
yahoo,3
award,2
hurt,1
99,2
phone,4
connecticut,1
jpg,1
boomer,1
thinkpad,1
hold,1
95,2
must,12
me,60
accid,1
word,42
1997,1
mb,1
1080p,1
setup,4
work,84
worn,1
wors,1
era,1
ms,12
mr,3
netobject,1
my,192
mx,2
overrid,2
give,14
infus,1
indic,1
caution,1
want,30
attract,2
acroni,1
hog,1
end,11
thing,30
travel,1
categorieskid,1
how,37
playback,4
interview,2
disappoint,3
updat,21
rebat,2
recogn,4
mess,2
chines,2
after,32
voic,4
diagram,1
befor,13
wrong,7
beauti,4
law,2
parallel,4
averag,1
dongl,1
fxpad,1
profess,1
attempt,5
third,3
grant,1
greet,1
think,28
receiv,6
environ,1
incorpor,1
enter,6
aloud,1
order,15
greed,1
oper,8
feedback,3
devote,1
over,29
becaus,32
keyboard,1
flexibl,3
vari,1
wrought,1
fix,9
better,12
spoken,1
offic,22
drawback,2
400,1
comprehens,3
belittl,1
hidden,2
easier,8
then,29
them,37
anim,5
whisl,1
cheesi,1
break,3
bang,2
promis,4
they,65
one,80
bank,1
choic,5
debut,1
8ghz,1
1750,1
hardback,2
each,14
debug,1
went,10
side,5
bond,2
bright,1
whim,2
maneuv,1
taught,2
collector,1
array,3
rv,2
rw,2
network,5
goe,4
god,1
crucial,2
cddb,1
content,1
re,4
rare,1
reliefin,1
reader,1
got,22
navig,4
written,3
situat,1
free,14
standard,2
jennif,1
screenblast,1
hand,6
gameplay,2
acrobat,1
topo,1
puzzl,6
sm6,3
sm5,1
filter,4
flawless,2
renew,2
heck,3
unabl,2
iphon,1
onto,6
rang,8
render,1
grade,3
hoop,1
audigi,1
capac,2
hook,5
instruct,8
alreadi,12
comic,4
agre,3
fantast,5
primari,1
toy,4
attach,1
top,4
sometim,6
downsid,3
necessarili,1
ton,2
too,24
ysst2,1
euro,1
listen,3
consol,1
tool,12
took,6
wisdom,1
somewhat,5
hadnt,2
technic,6
trek,2
silli,1
target,1
provid,18
second,5
project,8
matter,6
disapoint,2
minut,7
beginn,4
mini,2
ran,5
ram,4
mind,7
mine,4
truffl,1
raw,3
seen,3
seem,25
churn,1
seek,1
strength,1
recreat,1
terrif,3
especi,10
gripe,1
thorough,1
contact,3
inmedi,2
quicken,3
knowlegd,1
crippl,1
germani,2
plenti,1
though,16
object,3
dial,1
regular,4
mouth,2
addict,1
letter,11
phase,3
insul,1
the,1021
excus,1
doc,1
professor,1
obtus,1
dog,1
doe,26
tech,3
dos,2
freewar,1
scotch,1
scream,2
came,6
marvel,4
random,1
d8,1
involv,1
absolut,3
submit,1
layout,1
acquir,1
menu,1
explain,4
configur,5
restaur,1
hrs,1
theme,1
busi,8
folder,4
ocr,1
laptop,2
indepth,1
do,61
schooler,1
watch,4
dc,1
amazon,13
giggl,1
dz,1
report,7
recalcul,1
dr,1
gbyte,1
bat,1
bar,3
legola,1
patch,1
twice,1
bad,8
movement,1
respond,1
isync,1
sofwar,2
fair,7
meg,1
1960s,1
imho,1
respons,5
fail,4
bess,1
news,1
bee,2
optimum,1
best,27
subject,1
lovabl,1
awar,4
00,1
said,11
databas,7
away,6
figur,9
stv100,1
finger,5
we,22
men,2
weak,2
extens,2
lazi,1
here,8
toler,1
advertis,3
protect,5
fault,1
howev,40
against,2
tingl,2
logic,1
garageband,2
studio,1
login,1
adaptec,1
com,4
con,1
pre,3
tone,2
spear,2
entourag,1
had,50
2nd,1
wider,1
trust,1
assum,1
speak,15
reciev,1
putt,6
multiplay,2
three,6
been,41
much,35
interest,16
basic,11
_themselves_,1
hesit,1
lockup,1
life,3
dismiss,1
anywher,1
child,12
catch,2
has,61
hat,4
servic,5
properti,2
n,2
employ,1
near,3
aid,1
anymor,1
spawn,1
printabl,1
is,340
tabl,1
it,504
player,8
cant,14
frontpag,1
im,46
in,217
farsi,1
id,3
sever,11
if,84
livejourn,1
descent,1
perform,4
suggest,8
make,40
transpar,1
complex,3
split,1
dvds,4
jerri,1
complet,15
fuss,1
hang,3
kit,1
delight,3
rais,1
nip,1
kid,29
narrow,2
kept,2
scenario,1
game,109
aisl,1
tho,2
client,1
programm,1
everyth,16
800,2
mic,1
left,3
avanquest,1
identifi,2
just,51
photo,7
curios,1
elabor,1
nuvi,1
grader,1
inconvient,1
human,2
yes,8
yet,12
languag,8
previous,3
hal,1
easi,36
royal,2
colorimet,2
5s,2
board,1
els,3
save,9
plasma,1
gave,8
applic,11
maya,1
milli,1
mayb,4
berlitz,1
lcd,1
gameboy,1
macdriv,3
background,6
30,7
spini,1
shadow,1
measur,1
gift,3
specif,6
hunt,1
manual,7
50,2
divers,1
remind,1
confid,2
night,1
luxuri,1
preown,1
www,1
right,23
old,25
ole,1
deal,7
flatter,1
mysteri,2
deaf,5
somehow,1
zoom,4
born,1
printer,2
intellect,1
for,253
bottom,2
fox,1
1900,1
uml,3
holiday,1
insecur,2
burn,4
galleri,1
discount,1
keeper,1
post,3
super,1
plug,1
dilig,1
simul,2
plus,8
geforc,1
produc,3
29pmthis,1
carpal,1
encod,1
attorney,1
son,13
down,16
creativ,1
wrap,1
opportun,2
storag,2
piglet,1
amidst,1
crowd,1
suffici,1
frustrat,6
support,18
nova,3
happi,6
avail,11
reli,4
editor,3
way,32
spring,1
wav,3
was,129
war,2
fork,1
head,3
medium,2
form,4
offer,13
forc,2
batman,1
hear,2
true,5
reset,1
pavilion,1
evolut,2
inquir,2
depreci,1
maximum,2
until,6
eurotalk,1
inaccur,1
mtn,1
fundament,1
sampl,1
later,5
openbsd,1
classic,2
proven,1
drive,10
exist,1
ship,7
mold,1
check,11
vista,14
no,43
excel,16
role,3
test,3
ns,1
smell,1
unlimit,1
intend,4
panoram,2
celareon,1
felt,3
notepad,2
intens,3
notic,4
consid,5
sql,1
billion,2
younger,1
faster,5
bullet,1
98,2
metroguid,1
vietnam,1
ignor,2
inexpens,1
time,77
backward,2
adult,4
osx,4
rom,3
benboo,1
focus,1
mild,1
supplement,1
skin,1
chair,1
ose,1
decid,3
middl,3
depend,4
waveform,1
graph,1
flash,1
intermedi,1
0,18
brown,1
sourc,6
sequal,1
vba,1
artwork,1
join,1
blast,3
brows,1
cool,7
higgin,1
administr,3
level,15
did,21
die,1
gui,1
henri,1
brother,1
item,5
soooo,1
diy,1
team,1
quick,15
guy,2
round,1
upper,1
slower,3
regret,1
photodelux,4
attic,1
dolbi,1
sign,8
cost,7
patient,1
port,5
headset,9
appear,7
repli,1
eliza,1
current,6
suspect,9
1236,1
osmosi,1
makeup,1
satisfi,7
entertain,3
address,4
along,7
toolbar,3
wait,8
box,6
buck,4
brilliant,2
checksum,1
yast2,1
proud,1
trial,1
extrem,6
transact,2
macintosh,1
novic,2
winner,1
love,27
os,8
gamepad,1
extra,2
tweak,1
modul,1
prefer,1
1st,1
instal,72
market,4
bloodi,2
spywar,1
been90,1
newslett,2
projector,1
memori,10
sake,1
univers,4
visit,1
oreilli,1
live,10
visio,2
tape,1
today,1
capit,2
symantec,5
afford,1
peopl,12
vmail,1
enhanc,2
visual,1
accept,1
effort,2
easiest,1
graphic,7
flinch,1
prepar,1
battl,2
fli,1
soup,1
can,88
inadequ,1
cab,1
purpos,3
slightest,1
problemat,1
claim,3
favourit,2
fabul,1
stream,1
heard,3
critic,2
sharp,1
recycl,1
unfortun,4
occur,1
orgin,1
multipl,9
1,27
alway,15
anyon,6
xhtml,1
map,10
product,76
may,10
clone,1
aol,2
usabl,2
mac,26
birthday,1
mad,2
divx,2
date,6
such,10
data,4
grow,2
man,7
classroom,1
canning,1
practic,7
liquid,2
brussel,1
6th,1
sp,1
favorit,5
ghz,1
ximian,1
inform,8
switch,3
so,89
laff,3
se,2
sd,1
cute,1
gradual,1
approv,1
win7,1
graduat,1
equip,1
still,38
battlestar,1
quriki,1
rosetta,1
group,6
monitor,7
polici,1
inferior,1
lucki,1
window,48
mail,15
main,3
conquest,1
non,6
recal,1
profession,7
killer,1
exot,1
fr,1
answer,3
safari,1
half,3
not,114
now,38
discuss,1
nor,2
wont,8
term,2
mcafe,2
name,22
realist,1
opera,1
drop,6
separ,1
magazin,1
reverb,1
pogu,1
en,1
citat,3
replac,10
individu,5
continu,6
uncompat,1
armada,2
unlock,1
year,38
distributor,1
resourc,4
girl,4
didnnt,1
er,1
album,2
shown,1
accomplish,2
jackson,1
3rd,1
infrar,2
profil,1
qb,5
internet,17
correct,10
she,24
earlier,4
monster,1
homecinema,1
million,1
hulk,1
fusion,2
romant,1
2cdrom,1
card,10
care,1
soundtrack,1
unwil,1
refus,1
honest,2
motion,1
turn,13
place,8
principl,1
childhood,1
frequent,1
first,29
origin,9
suspend,2
redhat,3
carri,3
onc,17
cpus,1
yourself,6
kanga,1
fast,6
spanish,7
oppos,3
xs,1
xp,19
custom,4
open,16
xt,1
size,3
brochur,2
given,3
christma,4
convent,1
hardcopi,1
caught,1
t,3
citi,4
2,27
carousel,1
ikki,2
friend,10
forthcom,1
fraction,1
hub,1
that,248
season,1
copi,15
specifi,1
seat,1
holder,1
than,48
serv,2
10,14
13,1
12,5
15,1
17,1
rival,1
gotta,1
512mb,1
whom,1
r,7
balanc,1
were,23
posit,1
seri,9
and,601
yalli,3
nicer,2
pro,11
premier,5
ani,25
sad,2
say,24
deliv,3
engin,3
squar,2
daredevil,1
zoo,1
note,7
take,20
advis,2
bailey,1
destroy,1
noth,4
200,1
begin,4
sure,17
pain,3
shade,2
normal,6
track,11
price,14
nvidia,1
compress,1
paid,3
800x600,1
beta,2
roxio,7
america,2
350,1
shooter,1
sale,1
badg,1
screensav,8
shop,3
multilingu,1
shot,2
show,14
cheat,2
ubiquit,1
multiepisod,2
cheap,3
troy,1
permiss,1
threshold,1
corner,1
onli,43
slow,5
ratio,1
unix,1
activ,14
behind,1
wood,1
analyz,1
offici,1
ger,1
get,81
stomp,1
between,4
mission,1
cannot,5
lighter,1
requir,9
truli,1
sideway,1
artist,1
borrow,1
stupid,1
where,7
husband,4
ennunci,1
deadlin,1
calendar,3
0pro,3
wonder,6
dexter,1
detect,1
innov,1
review,24
ornament,1
3,16
hiss,1
import,6
updatenot,1
fight,1
parent,1
screen,16
jr,2
guitar,2
come,17
lopez,1
cakewalk,2
region,1
23,1
s,2
tutori,5
improv,7
ntsc,1
color,16
inspir,1
period,3
cranium,1
featur,36
anti,2
66,1
cancel,2
typic,1
ultim,1
linenberg,1
coupl,11
mark,2
addit,19
emphas,1
pinyin,2
thousand,1
resolut,4
antivirus,2
tiger,2
drum,6
former,1
those,9
pilot,1
case,5
myself,9
cun,1
scarlet,1
these,16
cash,1
trick,2
hdd,1
outcom,2
buyingboth,1
pertain,1
ive,32
anytim,1
suse,3
advantag,1
convinc,1
worri,1
destin,3
ascii,1
makeov,2
par,1
develop,8
author,1
pay,3
tour,1
same,14
trip,2
html,7
speech,1
eventu,4
pal,1
week,4
exhaust,1
finish,2
assist,3
driver,4
someon,4
companion,1
capabl,6
mani,17
footprint,1
appropri,1
theater,1
reliev,1
megabyt,1
macro,1
floor,1
parodi,1
without,18
11,1
model,3
reward,1
repitit,1
clog,1
seussabc,1
execut,2
money,15
rest,4
violent,1
aspect,1
speed,5
concentr,2
downright,1
europ,1
hint,2
except,7
littl,31
desktop,6
blog,2
instrument,1
backround,1
4,23
scrapbook,2
earli,3
around,21
read,20
gonna,1
dark,2
traffic,1
pop,6
world,4
dare,2
intel,4
stationari,1
server,3
benefit,1
either,7
output,1
tower,1
manag,8
fulfil,1
neglig,1
freez,2
definit,3
slick,4
legal,1
moop,1
refer,12
epson,2
power,5
garbag,1
fulli,3
cornerston,1
on,180
stone,1
ok,4
oh,1
worksheet,2
ach,1
insect,2
softquad,1
acr,1
degre,2
ubisoft,1
stand,2
neighbor,1
doze,1
industri,2
mean,4
backup,7
or,79
outlook,5
youv,4
nurs,1
your,83
charli,1
her,11
area,13
ergonom,1
there,65
hey,2
hed,1
start,26
fascin,1
interfac,12
low,4
lot,40
frazzl,1
valley,1
prevent,2
tycoon,1
enough,16
bundl,1
regard,1
trueimag,1
spider,1
preselect,1
gori,1
with,191
longer,1
freddi,2
pull,1
certifi,1
default,2
monstervill,1
monopoli,1
grasp,3
pinch,1
omnipag,1
connect,6
gone,1
ad,9
creat,20
certain,7
am,44
an,79
as,143
intro,1
at,67
file,22
cultur,1
jargon,1
film,3
fill,5
tedious,1
again,12
googl,3
idiot,1
depth,1
orient,4
workday,1
field,1
cleanup,1
5,17
piraci,1
you,220
poor,3
reccommend,1
a1,1
vocabulari,2
poweron,1
doctorlizardo,1
edsel,1
corel,1
wife,2
directori,1
invest,5
wifi,1
descript,2
tricki,1
inevit,1
mass,1
potenti,1
invoic,2
cpu,1
all,78
forget,1
illustr,5
lack,7
month,8
disc,1
mp3,5
abil,5
follow,4
disk,12
children,6
tv,3
to,663
program,113
wma,4
hideous,1
introduc,1
sound,12
woman,4
bibbl,1
straightforward,3
song,3
far,17
soni,1
powerbook,1
longtim,1
util,4
fan,4
veri,76
ticket,1
strang,1
wildlif,1
dictaphon,1
xfree,1
list,6
signific,1
flyover,1
adjust,5
subscript,2
small,11
tear,1
flick,1
widescreen,3
ten,1
sync,1
past,3
untangl,1
rate,5
pressur,2
design,8
further,1
proxi,2
what,39
abc,2
microphon,7
skeptic,1
section,2
worthwhil,2
abl,17
crush,1
delet,2
version,47
colorvis,1
method,2
luci,1
full,11
themselv,4
variat,1
sophist,1
valu,3
search,10
teeth,1
jim,1
navag,1
prior,4
amount,7
arent,1
pick,5
action,5
luck,2
creepi,1
via,5
depart,2
transit,4
vb,1
glitch,1
famili,3
establish,2
riser,1
select,3
clifford,1
aggress,1
eye,2
japases,1
occassion,1
regist,3
two,18
morn,1
6,7
taken,1
warpath,1
minor,2
more,78
teen,2
flat,1
flaw,2
door,1
hundr,3
fingerspel,1
customis,1
stick,1
particular,5
known,1
compani,15
quicklook,1
glad,7
town,4
dictat,7
none,1
hour,17
hous,1
turbotax,3
histori,3
andannoy,1
remain,1
leval,1
learn,49
prompt,2
myspac,1
scan,3
challeng,7
registr,2
share,3
templat,6
minimum,2
explor,4
phrase,4
stereoscop,2
huge,2
cours,5
goal,2
secur,15
rather,5
anoth,16
qb2007,1
spreadsheet,2
qb2003,1
menus,3
ish,1
becuas,1
reject,1
starcraft,2
simpl,13
css,2
hopeless,1
plant,1
shouldnt,1
okay,1
reflect,2
numb,1
guadalup,1
associ,2
a,529
stabil,1
short,4
confus,6
overnight,1
dragon,1
caus,2
dread,1
hobbit,1
media,2
cs3,2
cs2,1
photoshop,10
help,35
itd,1
sooo,1
soon,3
held,1
isnt,3
paper,4
through,18
pane,3
hell,1
suffer,1
24,4
style,4
20,3
21,1
call,8
exact,3
daycar,1
wipe,1
pend,1
annual,1
might,9
tri,35
good,59
return,5
food,1
sentenc,3
gadget,1
largest,1
adventur,4
bigger,1
document,10
rant,1
troubleshoot,1
unlik,4
refresh,1
2d,1
easili,9
achiev,2
reactiv,1
found,23
difficult,11
reminisc,1
harm,1
fish,1
hard,16
idea,5
procedur,2
realli,42
expect,12
energi,1
beyond,2
underus,1
massiv,1
p,2
publish,8
research,2
7,14
print,10
difficulti,4
pun,1
wordkeep,1
bass,2
cybersitt,6
advanc,4
guess,4
reason,11
base,2
believ,1
dud,1
ask,6
teach,7
prefac,1
powerquest,3
struggl,1
perhap,6
w,6
heartbeat,1
assign,1
major,1
dont,25
thumbdriv,1
purport,1
feel,6
exchang,1
number,10
tangl,1
bootabl,1
dissatisfi,1
done,12
blank,4
campground,2
stabl,1
miss,4
fanci,1
differ,21
guest,2
script,2
5th,2
1990s,1
least,7
paint,1
stori,5
station,3
186,1
master,3
banana,1
store,8
gps,3
necklac,1
luckili,2
option,9
relationship,1
checklist,1
park,2
pari,1
tivo,5
part,10
rogu,2
consult,2
pronunci,1
vocab,2
kind,5
grew,1
contrari,1
remot,1
gotten,2
remov,3
pc,12
groceri,1
bridg,2
architect,1
arrang,1
stale,1
toward,1
colour,1
880,1
comput,65
wasnt,7
wysiwyg,1
packag,14
7s,2
expir,1
exceler,1
remodel,1
sell,2
imagin,3
built,7
equival,1
self,2
64mb,1
also,34
build,8
club,1
play,47
distribut,5
64,2
wate,1
choos,4
chart,1
most,26
virus,1
plan,14
amaz,5
1040,1
bug,3
clear,3
clean,2
usual,7
microsoft,24
awesom,2
sector,1
ridicul,1
gold,1
celeron,1
biafor,1
session,1
rts,1
cds,3
fine,8
find,27
hesiti,1
impact,1
firewal,2
pretti,11
writer,1
solut,7
factor,1
8,12
reinstal,2
his,16
hit,5
unus,1
palett,1
financ,1
cheaper,4
nativ,4
fastest,1
sunni,1
him,10
restart,1
lotus,1
samba,1
x,8
cri,3
wrote,3
emap,1
set,34
stump,3
dump,1
creator,2
overwhelm,1
jade,1
delux,1
grey,2
see,29
bare,1
are,107
arg,1
close,6
fullscreen,2
trex,1
someth,12
burner,1
pickup,1
various,6
pagemak,1
cutout,1
experi,12
wide,3
altern,1
appreci,3
sold,2
days2,1
lifelin,1
succeed,1
solv,2
popul,1
both,6
c,2
last,10
hyperlink,1
immers,2
alot,2
pdf,5
whole,7
load,5
simpli,3
ollo,2
point,11
schedul,5
handprint,1
reccomend,1
residu,1
linux,5
mistak,1
throughout,1
communiti,3
ps,1
java,1
devic,6
due,5
moderm,1
secret,1
reformat,2
strategi,2
imag,21
convert,3
imac,1
gap,2
understand,8
educ,6
look,32
p4,3
tip,1
budget,2
durat,1
pace,2
while,19
kick,1
abov,2
error,10
fun,19
fleet,1
everyon,3
loop,6
pack,3
real,5
larger,1
readi,3
rip,3
schoolhous,1
itself,4
rid,1
bow,2
travrout,1
chase,1
result,7
earn,2
minim,1
naturallymobil,1
shorter,1
funni,2
terran,1
grand,1
9,5
conflict,1
flurri,1
fyi,1
archiv,1
dime,1
leopard,4
yesterday,1
alert,2
walmart,2
user,30
robust,1
tiresom,1
stack,1
recent,4
lower,3
task,4
pyro,1
discourag,1
older,10
savvi,1
entri,3
spent,2
grind,1
person,16
expens,5
academ,1
spend,9
iffi,1
explan,3
reliant,1
obscur,1
vietnames,2
shape,1
amp,6
talk,9
crossfad,2
cut,1
stimul,1
uncompl,1
shortcut,1
eager,3
polit,1
appli,2
input,1
subsequ,2
complaint,4
vendor,1
format,11
big,10
homeschool,1
intuit,9
redeem,1
lassen,4
bit,12
formal,1
xppro,1
success,2
semi,1
resolv,1
chorus,1
collect,8
arthur,2
loyalist,1
doolittl,1
encount,3
often,6
acknowledg,1
creation,1
some,76
back,13
understood,1
strongest,1
palm,1
sight,1
4200,1
surpris,4
scale,2
chocol,3
broadband,1
id3,1
disapppoint,1
recognit,1
substitut,1
larg,6
mhz,1
nose,1
machin,17
be,95
run,36
booklet,1
lose,1
bh,1
step,6
patienc,1
oem,1
by,49
faith,1
wouldnt,3
materi,2
preset,1
pertin,1
ide,1
block,9
repair,1
miracl,1
primarili,2
irrit,1
into,24
within,11
ensur,1
lesson,5
inclus,1
jockey,1
question,5
long,7
macbook,3
doubt,3
handbook,3
includ,17
suit,12
forward,1
himself,1
exe,2
link,2
newer,1
line,13
junior,1
info,6
consist,3
reload,1
up,64
us,11
highlight,1
similar,6
quickbook,1
curv,3
sort,2
v,2
miniseri,1
flow,1
haunt,1
powerdesk,4
repres,1
chas,1
incomplet,2
chat,2
enviro,1
rainbow,1
theyll,1
pronounc,2
titl,3
backu,1
beryl,1
nat,1
nice,8
draw,2
jurass,1
drag,3
clue,4
supris,1
ago,8
e,9
dvd,13
age,12
2002,3
2003,8
2000,3
2001,4
2006,3
2007,9
2004,1
2005,4
2008,1
code,12
edg,2
v6,1
scratch,1
nonthreaten,1
gb,1
aw,2
bonni,1
go,36
compact,1
privat,1
sensit,1
peanut,1
elsewher,3
young,5
send,4
cheapi,1
becam,1
sens,3
sent,2
boatload,1
garden,1
dessert,1
rhyme,1
mous,12
electron,5
volum,4
relev,3
recip,4
magic,2
roll,1
button,6
inclin,3
michael,1
this,263
hairstyl,2
race,3
appar,1
havent,16
1660,1
pleas,8
someday,1
smaller,3
fortun,3
judg,1
affor,1
jump,7
video,9
download,13
kerploppus,1
spaghetti,1
click,16
folk,1
compat,13
compar,6
profan,1
worthi,1
access,9
barnacl,1
3d,3
chose,1
despit,1
manti,1
punch,1
bodi,2
let,18
sink,1
becom,7
sinc,16
great,74
convers,2
31,2
casino,3
technolog,1
36,2
opinion,2
chang,10
maker,1
chanc,2
calibr,4
danger,2
win,3
app,6
wil,1
foundat,2
wit,1
compatibl,1
use,155
fee,3
from,77
usb,7
snoop,1
upgrad,28
next,8
websit,9
few,19
camera,4
1680x1050,1
meimei,1
clever,1
8cd,1
comparison,1
babi,1
musician,1
impress,4
845,1
trail,4
train,12
rabbit,2
central,1
gambl,1
annoy,1
account,5
spi,1
tunnel,1
when,53
cumbersom,1
of,359
meet,3
didnt,9
spyder,1
proof,1
control,8
bent,1
patron,1
process,12
lock,3
slim,1
tax,2
calcul,1
pentium,1
high,16
slove,1
tag,2
onlin,10
serial,1
sit,4
six,2
georg,1
delay,1
640x480,2
instead,8
netbook,1
express,1
stop,4
payrol,2
wrist,1
attent,1
nanci,11
light,2
lame,2
liner,1
element,4
issu,16
allow,11
american,1
reastur,1
wolverin,1
orgini,1
comedi,2
movi,14
move,7
galaxi,3
webdesign,1
bunch,3
perfect,4
write,6
wholeheart,1
labor,1
kindergarten,3
newsgroup,3
eeyor,1
decad,1
therefor,2
jukebox,1
2013,1
practicl,1
crash,2
greater,1
snoopi,1
handl,4
auto,1
dan,1
spell,2
handi,2
1024x768,1
mention,2
facilit,1
front,2
jaguar,1
day,19
preschool,3
thrill,1
anyth,11
edit,16
slide,2
mode,5
truth,1
stock,1
societi,1
activit,4
intellig,2
chunk,1
bluetooth,2
consum,2
our,9
special,2
out,65
variabl,1
rex,1
bag,1
categori,2
vcr,1
hardwar,5
wich,1
math,3
franc,2
shut,2
insid,1
512,1
frank,2
ipod,2
manipul,2
gamesyou,1
wizard,1
dictionari,3
unwieldi,1
releas,7
nduc,3
ingnor,1
g,5
midi,1
could,33
hes,4
put,14
4ti,1
keep,13
scari,1
enforc,1
workbook,1
retail,2
scare,1
softwar,80
blown,1
qualiti,5
madden,1
mandrak,2
art,1
facil,1
prioriti,1
playlist,3
ancient,1
strict,1
licens,5
accent,2
system,26
messag,4
their,28
norton,14
final,7
shell,1
udf,1
diminish,1
herself,1
scummvm,1
grandson,1
distro,4
bed,1
charact,11
dumb,1
bet,1
anthropologist,1
deliveri,1
partnership,1
corrupt,1
hcfr,1
have,193
reserv,2
need,43
q,1
innerfac,1
afraid,1
rout,2
mix,4
which,56
combin,2
brand,4
singl,3
calculus,1
02,1
unless,2
freebsd,1
clash,1
who,25
whi,5
discov,3
arcad,1
logitech,1
awe,1
segment,1
class,5
stereo,1
gather,1
face,2
fluenz,2
determin,1
occasion,4
08,1
fact,8
niec,1
text,5
nnumber,1
anyway,3
typist,1
bring,1
extern,1
portfolio,1
rough,1
staff,1
starbas,1
locat,6
nois,1
fresno,1
mug,2
should,21
suppos,5
hd,2
256mb,1
outstand,3
discontinu,1
hope,9
ludicr,1
beat,5
familiar,3
photographi,2
mostusedno,1
wallpap,1
enabl,1
organ,5
h,1
stuff,5
integr,3
partit,1
contain,3
grab,1
herinteract,1
highjack,1
view,4
btw,1
legaci,2
shortcom,2
win98,4
persist,1
frame,1
knowledg,4
apolog,1
temporarili,2
gmail,1
closer,1
beautifi,1
superhero,2
spydertv,2
pattern,1
nebula,1
thumb,1
tend,1
state,1
progress,1
neither,2
youll,9
email,15
junki,1
bought,15
superior,1
joy,1
eomer,1
job,2
entir,8
key,3
chipset,1
thank,3
instant,3
joke,2
equal,2
etc,12
admit,1
instanc,3
admir,2
heart,1
comment,7
unclear,1
wall,2
arriv,3
cd,40
carbon,1
cs,2
respect,2
scanner,1
blink,1
quit,11
slowli,1
decent,2
defint,1
frighten,2
immedi,1
mike,2
treasur,1
upcom,1
adob,7
hmp,3
togeth,6
ador,1
furnitur,1
general,3
garmin,5
present,10
crappi,1
multi,2
plaid,1
laser,1
nd,1
harder,4
pixel,1
will,56
defin,2
ill,4
layer,1
purchas,30
engag,3
almost,11
demo,4
generat,2
thus,1
site,15
vs,2
motiv,2
dual,1
incom,1
scienc,1
terrorist,1
japanes,1
parti,2
began,1
cross,2
member,3
speaker,3
smarter,1
gamer,1
overal,12
http,1
structur,4
absorb,1
upon,4
effect,8
coffe,1
strateg,1
initi,5
student,9
countri,1
sunburn,1
off,14
center,1
i,597
weapon,3
well,51
versatil,1
thought,7
exampl,12
command,8
english,9
audio,7
latest,2
distanc,1
newest,1
less,7
glut,1
apppear,1
40,2
heavili,2
skill,3
glue,1
web,20
wee,1
tight,1
bell,3
add,8
other,71
nickl,1
crack,3
compet,1
smart,2
match,4
mcaff,1
branch,2
disproportion,1
piec,2
realiz,6
five,4
know,17
desk,2
press,2
insert,4
resid,1
like,74
lost,4
incred,5
necessari,2
rescu,1
chick,1
resiz,1
soft,1
page,33
candi,1
italian,1
captur,2
suppli,2
whiner,1
hair,1
export,1
proper,4
home,18
librari,5
guid,5
lead,4
abilti,1
avoid,3
leap,1
estim,2
passion,1
languagetre,1
duplic,1
1920x1080,1
regain,1
bingo,1
encourag,1
investig,1
slight,2
journal,2
usag,1
stellar,1
host,1
although,6
stay,1
panel,2
negat,1
about,56
actual,13
carrier,1
powerpoint,2
theyr,1
own,20
theyv,2
schwienfurt,1
automat,3
boggl,1
doesnt,15
brush,1
couldnt,3
pointless,1
mere,1
processor,2
pictur,5
museum,1
appl,8
ed,1
biggest,2
maze,3
function,17
buy,24
unexpect,1
hr,1
hp,2
subscrib,1
but,170
gain,1
uninstal,4
whistl,2
technician,4
eas,1
ear,2
eat,1
bud,1
he,25
made,16
whether,1
wish,9
smooth,5
troubl,2
record,6
below,2
limit,8
otherwis,8
problem,43
display,4
ty2006,1
dure,3
pie,1
happen,5
probabl,10
48,1
boot,4
detail,4
virtual,5
preinstal,1
book,20
lookup,1
futur,6
rememb,6
varieti,5
u,1
hacker,1
junk,3
repeat,3
star,17
slideshow,2
staf,1
kinda,1
iwork,2
ghost,1
experienc,2
reliabl,1
rule,2
portion,2
openoffic,1
decemb,1
8th,1
