with it,1088
gt,253
0,1157
scratch,325
the most,1131
dollar,189
get use,742
month,223
alien,582
mile,529
the addit,802
furnitur,772
a fun,1087
support and,235
disk,850
citi,778
xandro,981
coupl of,902
decid,436
if that,650
then the,538
for that,708
zone,1042
tv,908
white,350
who want,1146
send,170
good,644
there is,410
i realiz,915
compat mode,782
decis,149
to type,385
is no,536
larg,893
stabl,1184
game i,1117
recommend this,1010
sent,95
was to,216
get rid,288
g4,551
risk,275
anti virus,131
still get,573
fals,236
soni,103
a databas,1124
i uninstal,248
dell,163
a good,766
mous,903
novel,732
worst,4
function of,823
appar,138
appli to,799
my palm,260
room,920
tri,7
will work,396
go with,329
administr,1106
did,225
7 0,986
restor,193
releas of,860
a refund,35
i put,476
cooki,503
havent,747
zone alarm,1035
sp2,1193
filegroup,1083
up from,481
enjoy,1170
enterpris,1091
trend,249
set up,857
sync,387
would not,37
they said,116
work on,437
the game,1015
street,370
one star,70
well for,646
slackwar,250
the nanci,870
cat,1163
port,490
ribbon,751
quicken,22
even,146
headset,728
the garmin,429
sub,477
microphon,881
fact,610
yes i,346
edit softwar,347
think it,713
gps receiv,652
it cant,587
never buy,78
suspect,765
have is,783
but i,603
net,680
not much,531
told,51
hero,462
nuanc,390
never,43
show the,921
drew,1002
recommend it,1097
satisfi,905
fun,980
cant find,240
studio,419
rid of,361
i bought,80
address,380
ms money,285
graphic are,718
need the,568
on it,371
star but,887
am still,877
great,794
daughter,1206
invit,294
anymor,409
so much,1144
is a,914
hour identifi,1102
program so,924
the track,500
shrink,1128
just to,444
dont wast,56
work well,457
im a,897
e file,563
the hous,770
then when,115
softwar the,668
although,671
step necessari,1025
return it,220
comput game,1040
bell and,932
a softwar,432
5 0,635
doesnt even,180
match each,1031
a much,279
to click,295
instal,55
cash account,27
fee,363
crap,183
with vista,264
no other,298
i expect,336
upgrad,204
support but,291
the sql,1059
camera,591
call,24
game to,1182
paperport,218
recommend,985
an excel,951
paper map,505
preview,395
tell,452
doe have,569
becam,693
not includ,636
turbo,110
door,276
not allow,113
stay away,102
symantec,3
so far,786
notic,755
clue,422
99,374
a fix,318
visual,326
topo 2008,729
this set,940
screen is,584
lotus,730
might be,682
compani,42
enterpris manag,1043
so that,343
glad,949
will not,47
town,722
dictat,871
account,8
and play,1183
word,738
ibm,784
hour,85
the offic,307
the new,963
car,598
turbotax,280
of how,801
cumbersom,392
capabl of,423
fli,549
i suppos,625
wors,87
load it,121
ms,776
learn,997
the packag,454
use to,961
user the,832
claim,74
manag perform,1099
is not,657
tell you,441
challeng,1134
tax,25
this product,5
accept,590
can be,917
high,1001
amount of,950
onli use,616
their product,167
tab,632
not that,496
job of,463
cours,1092
was disappoint,687
not veri,628
caption,252
rather,277
anoth,458
travel,676
was abl,697
spreadsheet,819
i paid,724
1,911
for exampl,377
i do,947
trip to,1195
disappoint,379
piec of,128
updat,112
fp,1080
they want,185
shouldnt,414
okay,535
good news,267
featur that,596
have to,327
to turn,666
this much,478
the applic,340
voic,556
wrong,408
notebook,654
new interfac,861
their softwar,221
i look,332
jumpstart,655
law,841
you can,1011
my data,229
man,737
that the,334
nanci,984
backup,1066
the manufactur,141
favorit,993
not worth,68
produc,421
caus,135
not recommend,169
switch,404
i went,159
rosetta stone,82
block,515
administ,1024
tool for,1070
bit of,821
sibelius,237
refund,15
all and,349
this game,975
rotat,690
movi,890
if i,665
come with,1093
work perfect,1174
becaus,451
dvd r,685
is good,712
occasion,910
seamless,1129
are not,543
eas of,1159
easi to,979
so easi,1209
24,872
rosetta,86
doesnt work,71
gave up,114
polici,430
fix,53
so i,378
well but,775
are no,322
studio 8,512
to quicken,177
most of,555
cross,717
game of,1136
cool,1185
jukebox,255
year now,368
the book,892
paid for,588
return,65
greater,620
the import,938
sentenc,323
well worth,1147
overal,839
just got,296
the print,544
trail,509
wast,1
best featur,804
i return,181
a map,572
well and,760
but there,672
has some,828
cs3,741
the direct,779
a window,919
complain,637
bank,262
save yourself,84
has it,589
mcafe,12
to see,818
1gb,1160
out how,526
it better,561
how to,394
year old,989
purchas of,586
not found,621
the toolbar,805
mysteri,1062
a lot,771
slide,272
reactiv,480
to set,811
arrow,261
each,1094
even get,244
went,119
a 4,762
side,315
my favorit,1049
5 star,945
of fun,1145
competit,384
diana,1105
label the,1101
while it,957
friend and,1112
3 0,709
up on,674
expect,459
for almost,424
veri disappoint,154
produc a,397
the road,626
i spent,234
have a,746
instal this,117
twice,194
of sql,1110
know how,445
awesom,1133
anoth program,634
publish,1111
content,521
lego,498
with that,376
7,1126
internet,164
print,604
havent had,846
i tri,54
chines,916
she,1107
hes,752
the fact,630
day i,594
out with,413
same as,937
navig,601
my time,90
and troubleshoot,1026
10 year,558
i love,1004
featur are,618
you click,398
map that,527
custom support,165
it suppos,622
without the,879
ask,174
thought this,312
teach,1018
out that,605
file as,320
card,715
turbo tax,109
puzzl,983
it wont,362
the palm,257
synchron,348
catalog,578
server 7,978
keep,1061
filter,1181
must be,171
renew,254
place,822
now you,333
but not,545
the worst,20
claim it,239
confus,328
frequent,456
one this,464
softwar,28
major,345
xn,1030
beauti,1204
redhat,862
i ask,353
grade,553
when you,339
next time,479
school,1034
this compani,166
of 5,833
alreadi,898
construct,523
blank,330
to send,447
horribl,162
comic,1176
expect to,359
miss,265
be awar,694
play with,1060
zonealarm,241
adwar,1192
that he,815
seem to,552
that other,433
interact,1135
breed,1172
sometim,304
messag,67
taxcut,547
attach,595
stori,826
definit,1142
lab,1013
norton,13
ani softwar,793
everyth is,388
friend,999
gps,497
the develop,271
peachtre,41
call to,389
me is,364
where you,661
at a,894
a man,781
dont buy,168
hous,812
direct,825
tivo,753
the onli,944
drive to,843
profession,1143
thai,38
high recommend,982
technic,44
3rd,696
reinstal,30
had ani,845
distro,882
that help,1103
remov,179
pictur,1141
structur,884
which is,703
game,964
bridg,743
attorney,739
budget,357
posit,658
to fix,126
control over,656
the pictur,301
have not,705
seri,998
pre,869
cleaner,1057
do not,23
fun and,1113
comput,142
zapro,486
terribl,105
ran,899
administ and,1048
i plan,768
the box,566
for ani,1065
packag,286
garfield,487
map are,513
the layout,865
they dont,606
i havent,761
work around,886
your hard,873
seem,663
element,1019
it but,683
sell,64
lie,182
i think,629
of money,73
the movi,820
squar,466
advic,178
not support,69
trip,546
with no,125
veri help,643
tutor,1076
agre with,470
accuraci,667
note,827
overal i,757
useless,34
the biggest,651
on vista,355
go through,375
problem is,310
greatest,425
onc you,876
happi,1156
it did,698
sure if,835
elev,541
would high,1167
track,501
phone number,287
a pc,537
whi,358
discov,191
crash and,219
thank,1177
addict,1090
letter,736
programm,597
me to,153
effect and,1162
payment,231
charg,45
amaz,1148
the ad,585
renam,516
to no,471
quicken for,245
rescu,308
alarm,1022
camp,1098
request,140
sale,840
doe,631
veri poor,187
os x,1116
screensav,758
tech,14
talk,420
five,1063
dos,809
to return,226
wast of,6
purchas this,442
review,197
inexpens,293
son,1069
smartsuit,726
my money,104
play,974
the train,929
gold,507
money back,212
german,576
is horribl,316
within the,956
cs,836
area,875
chord,767
transact sql,1047
run the,808
are a,633
portfolio,144
custom servic,108
font,659
task,1202
for one,613
turn off,570
was so,1155
toast,539
onli,417
slow,192
nanci drew,1003
delet,707
configur,1122
solut,134
enough,847
far better,474
busi,439
tape,943
am use,450
and reinstal,161
than my,803
finger,750
lot more,955
the partit,1014
anyon who,1186
financ,511
to figur,645
pocket,548
cannot,57
spirit,1168
provid a,415
report,406
the problem,72
use enterpris,1058
step to,987
ms word,925
organ,901
they would,152
the free,525
not load,242
i should,205
for support,89
to us,238
patch,381
necessari to,1197
tech support,17
bad,664
stupid,196
work so,883
my comput,107
partit,1006
down the,438
told me,60
good but,337
attribut,1068
uninstal it,122
summari,688
set,740
improv over,1191
hope this,627
noth,94
vinc,727
printout,482
learn curv,608
you use,453
up for,931
use an,928
dumb,550
tool to,834
and enjoy,922
corrupt,143
and set,837
fix it,202
charact,1158
were not,289
skill,1054
best,1053
wonder,1149
dont bother,228
said,145
prior version,133
program you,446
veri easi,994
have alway,317
databas,996
away,198
rather than,311
not even,130
label,1187
get that,863
figur,533
r,807
save your,158
the program,335
broderbund,483
3d,1205
limit,514
free version,532
bought,26
your time,200
internet explor,188
you cannot,156
rock,1123
is easi,789
appli,798
guitar,913
word or,866
not work,62
it at,959
troubleshoot microsoft,1045
perfect for,1078
to fill,472
impress with,1137
come,1037
small busi,448
the upgrad,891
cakewalk,689
by step,939
planner,258
i get,190
expos,1166
is great,1180
joke,157
howev,733
to date,609
i use,962
dictionari,1023
etc,716
audienc,577
monitor,1095
time it,274
login,1067
it make,1207
but then,700
pda,313
load,83
defrag,1201
for most,649
entourag,864
color,896
nightmar,829
get the,269
microsoft sql,1000
pop,592
and they,195
60,769
game are,1154
anti,111
littl,912
linux,988
tax cut,81
mistak,63
guid,567
still the,889
love this,1012
worthless,201
creat,1039
coupl,946
instrument,1171
1 2,810
devic,1153
export,624
teacher,1109
compon,1055
than that,797
no way,206
the word,853
toolbar,785
a littl,787
game like,1161
the 2007,203
waypoint,493
of window,1132
a bad,560
it profession,1169
buck,909
doe not,29
not sure,777
for you,684
norton internet,176
a special,297
fund,184
fritz,1100
happi with,1119
to print,522
rang,806
i will,160
present,904
sound,675
this but,880
xp profession,465
for someth,366
will to,935
identifi the,970
frontpag,1036
cash,9
but is,817
trick,926
defin,1152
near,460
not the,638
howev it,858
error,11
wordperfect,859
compon of,1056
perform the,972
k,831
pack,711
anytim,256
suse,1096
nero,407
applic,1130
problem that,222
worri,1127
love the,1188
itself,372
im,796
match the,1017
game is,1007
crash,49
rid,360
clone,1125
this piec,91
game and,1033
a custom,530
sort of,639
disabl,542
develop,373
have some,720
perform,976
pay,232
mayb,455
guess what,210
call for,475
himself,1208
photoshop,764
definit recommend,1190
graphic,1200
eventu,854
the best,995
ventura,1104
pan,508
difficult,677
give me,88
but the,281
too bad,386
and found,403
open the,383
wast your,19
slide show,324
be good,562
topo,502
goldmin,780
creat the,941
student,1041
this may,186
fact that,593
nis,16
a must,1196
nation,642
cartoon,518
soap,1075
kid,1020
break,953
web page,954
tri to,18
with them,412
bewar,155
the step,969
im go,369
the tech,367
well,852
spent,151
home design,321
love,971
no longer,214
anim,1179
to creat,1138
command,748
to reinstal,175
good for,504
step for,991
rip off,148
rout,495
left,344
it into,426
comment,774
4 5,933
becaus of,305
identifi,965
money,0
map for,579
a coupl,838
error messag,76
what a,75
power of,744
citi navig,754
human,614
older version,399
support they,96
yes,342
bit,900
dont even,147
expert,1198
a great,824
easi,973
kind of,714
to it,849
great game,1178
read the,623
shortcut,731
to uninstal,99
script,719
systemwork,40
think i,641
im veri,790
role,1005
as one,792
a 1,686
i find,749
of an,669
smart,701
chess,1021
the full,602
zoom in,571
complaint,848
photo,1029
fill in,434
your money,10
intuit,173
well as,788
to navig,706
came out,400
i discov,230
that i,418
it back,100
littl more,816
amp,773
poser,640
walk,721
that a,607
the page,830
mainten,1074
the function,960
system administr,1032
000 000,1027
realist,1173
and thought,583
resolv,224
cant even,66
girl,1114
64,670
perfect,1052
architectur,1165
troubleshoot,1064
softwar was,331
poor,31
hallmark,619
i lost,468
old,1016
often,678
screenblast,528
eas,1072
figur out,510
zoom,660
see if,681
thing but,352
sure,842
palm,251
lot of,813
new softwar,314
but no,691
bore,283
server,966
it will,948
replic,990
scale,494
game for,1028
mobil,484
avoid,132
0 system,1085
pick up,282
the voic,524
access to,599
whi i,300
exit,540
pyro,492
fun to,702
vista is,1194
refer,851
may be,564
object,1203
sever time,268
bold,77
than the,461
compress,1008
ms offic,795
is also,1115
agreement,725
step,977
click on,918
pop up,534
to open,338
faster than,844
peev,489
throw,284
handi,927
have with,648
cant wait,1108
the norton,227
stone,129
configur administ,1044
ok,611
let me,209
varieti of,906
britannica,499
map,485
offic,734
children,1199
the softwar,405
ide,653
os,1038
you go,259
road,488
match,992
it worth,923
xp comput,467
space and,615
sql,967
tag,1140
so this,302
three,679
can play,427
an extrem,469
doesnt,411
even though,207
chang,952
pictur it,1079
ibank,930
merg,885
week of,270
window me,391
love it,1009
transfer,199
mac version,692
internet secur,93
that can,1189
transform,1084
custom,58
the area,617
reli,878
appl,1175
lot,756
hassl,354
e mail,440
cliff,735
use transact,1077
the compani,435
their support,61
forc,118
a bit,874
not buy,36
bother,233
administr part,1082
legal,888
cloth,517
encarta,506
a wast,52
uninstal,2
will have,612
in some,699
problem on,695
buggi,137
the latest,443
bug,172
this mean,290
microsoft money,428
info,401
woman,791
im sure,942
microsoft street,580
wast my,246
sql server,968
flip,393
disappoint with,356
to their,150
i call,139
quicken 2003,473
caus my,243
just plain,292
over a,299
problem,21
still work,759
display,341
curv,673
result in,365
five star,800
featur,559
pc game,1151
ad,520
good product,958
site that,575
flow,814
requir the,319
technic support,33
money on,127
hope that,723
choos the,1150
the imag,895
aw,211
sequenc the,1073
buy this,32
ship,263
magellan,647
was use,351
film,449
probabl,704
these game,1139
again,208
vista,278
macro,867
but it,554
kid and,934
titl,266
45,303
tip,745
detail,565
40,382
book,1120
nav,92
money 2005,79
given the,574
trash,59
i high,1089
instal configur,1046
didnt work,213
nice,855
discov that,120
slick,936
junk,106
fine and,581
2004,98
a joke,123
sequenc,1071
to transfer,124
this cd,710
is the,1121
the map,491
transact log,1086
nis 2007,39
when he,1164
the compon,1081
you know,1118
2008,763
hour on,97
deserv,247
younger,557
freewar,519
the good,402
longer,101
corel,1050
phone,48
up but,868
age,856
the mac,662
2002,416
2003,306
find out,600
play this,1051
2006,46
2007,217
potenti,309
2005,50
will never,136
invoic,273
profil,907
bought this,215
cpu,431
