code,344
illustr,234
the most,465
lack,257
dollar,82
it realli,212
hate,176
microsoft sql server,398
xandro,390
0,430
is no,77
for exampl,323
i have a,297
the screen,147
mous,283
worst,5
veri,361
to figur out,205
cool,369
tri,6
school,458
administr,431
did,53
havent,282
enjoy,298
direct,169
work on,155
street,272
high recommend,415
download,87
thing i,246
quicken,26
program to,334
look like,126
think it,267
i like,353
version,70
but i,250
i know,136
told,49
never,45
drew,446
a coupl of,364
studio,138
i bought,71
sinc,168
box,91
great,281
technolog,463
so much,464
pick,177
just to,158
amount of,366
love,404
put,255
there is no,68
the other,358
instal it,95
it for,256
live,359
camera,200
call,16
recommend,320
an excel,355
symantec,9
but it,240
clue,143
phone,14
visual,104
train,303
but if,367
if it,148
compani,43
will not,23
account,18
word,304
turbotax,198
learn,315
claim,24
challeng,445
this product,21
high,434
perform the the step step to,396
a good,318
cours,407
from a,244
rather,159
anoth,128
this game,413
disappoint,113
you go,100
to the,163
updat,271
map,195
recogn,266
have to,152
a year,247
voic,220
mac,151
the best,424
you can,414
that the,115
nanci,421
favorit,432
sinc i,193
caus,56
inform,249
i went,51
my own,365
perform the,380
refund,25
photoshop,335
if i,211
come with,443
isnt,134
through,154
are not,241
left,103
easi to,391
still,349
perfect,457
doesnt work,32
monitor,442
fix,41
so i,278
you cant,178
better,251
most of,204
mail,360
might,217
microsoft sql sql server server 7,394
good,261
return,40
i tri to,63
overal,337
the step,377
mcafe,19
to see,308
anyth,61
how to,129
year old,439
mysteri,425
a lot,316
each,410
get to,141
went,59
of this,84
replac,312
server 7 0,384
pinnacl,230
happen,277
have a,291
this for,179
has a,343
publish,436
7,444
i tri,54
she,325
give it,265
navig,264
this is is a a great,310
given,127
dictionari,416
ask,65
teach,435
it doe not,89
puzzl,408
server 7,385
keep,429
we have,345
this year,237
but not,213
the worst,8
confus,180
softwar,35
major,137
dont,37
grade,201
when you,119
wast,3
sql server 7,383
alreadi,313
least,85
im not,248
3 0,231
have been,150
happi,450
miss,109
size,440
guess,161
if you have,245
seem to,252
sometim,112
messag,50
taxcut,197
the step for,399
i have been,167
to play,326
version of,116
store,372
gps,196
to learn,370
where you,203
at a,330
copi,185
tri to,12
norton,66
reinstal,76
kind,269
remov,262
year ago,153
as the,357
friend,459
video,462
the instal,341
seri,412
do not,2
for the,223
say,97
the same,67
need,452
seem,279
most of the,206
built,356
on it,120
sql server server 7 7 0,386
rout,215
walk,235
useless,78
dont know,172
noth,36
play,348
unless,194
though,184
track,210
want to,191
look at,224
compress,402
whi,93
letter,101
me to,99
roxio,263
amaz,461
i love,451
sql server,375
drive,233
program for,273
tech,4
wast of,29
purchas this,149
someth,111
onli,135
slow,38
nanci drew,447
you have to,106
menu,121
configur,423
enough,338
technic,48
so far,287
piec of,22
featur of,441
it i,73
to figur,208
go to,170
cannot,60
report,190
the problem,46
him,236
step to,393
at least,69
tech support,7
bad,275
my comput,80
partit,395
where,219
set,294
fair,368
knowledg,437
recommend this,419
much more,122
you need to,189
said,39
veri easi,433
databas,388
review,58
to creat,418
label,455
figur,222
import,209
bought,27
so you,139
screen,140
not work,42
and have,327
addit,285
howev,280
etc,186
there is,259
load,31
the onli,146
color,314
get the,130
microsoft sql,400
cd,311
mistak,75
speak,286
you have,108
compon,411
the word,173
interest,301
a littl,317
my son,363
doe not,34
for you,221
understand,144
child,351
happi with,448
garmin,156
i will,79
present,307
sound,253
replic,397
step for,401
identifi the,378
servic,83
would not,47
you are,183
not the,160
error,17
fun,260
ive,182
purchas,187
almost,192
perform the step,379
player,162
cant,243
im,164
crash,13
develop,114
perform,381
same,52
intuit,94
difficult,175
week,118
but the,229
buy this,33
i think,331
piec,64
topo,142
student,409
build,238
kid,284
off,98
choos,454
well,292
spent,123
person,332
exampl,350
work great,305
english,362
five,405
the step to,392
was not,174
identifi,376
less,276
money,1
what a,90
is the,456
is a great,460
skill,453
languag,449
a great,288
easi,387
kind of,254
read the,216
littl,295
work with,145
match,403
gave,74
applic,428
mayb,225
your money,20
is a,333
well as,293
game,354
that i,125
in the,132
and they,92
lost,157
easi to use,417
server,374
collect,321
as well as,299
necessari,427
time to,319
i had,166
right,342
this is a,340
you dont,258
it doesnt,242
the user,324
7 0,389
refer,300
machin,346
object,438
run,88
step,382
although,239
there are,352
ok,214
on this,171
i purchas,339
backup,422
road,207
a better,181
son,347
you just,420
doesnt,81
the comput,188
have been use,268
area,296
love it,322
transfer,28
custom,11
lot,289
problem with,328
the compani,86
forc,72
a bit,270
link,133
uninstal,0
bug,30
do a,124
limit,228
otherwis,336
problem,15
gone,96
lot of,302
creat,426
i dont,117
certain,232
the imag,290
game is,329
ship,102
check,165
probabl,218
vista,55
titl,110
becaus of,107
detail,226
book,306
role,406
poor,10
figur out,199
star,227
sql,373
longer,44
it doe,371
invest,57
age,309
the mac,274
2002,105
2003,131
2006,62
the map,202
